"ref" "Longitude" "Latitude" "Depth" "Station" "d53Cr" "Cr (ng/kg)" "Salinity" "O2 (ml/L)" "Cr [nmol_kg]" "Cruise" "Cast" "Sample ID" "neutral_density" "Potential Temperature" "NO3 + NO2" "Cr [ng_kg]" "NO3" "2 SEM" "Cr(III)" "Cr(III) error" "%Cr(III)" "%Cr(III) error" "Cr(VI) + CR(III)NR" "Cr(VI) + CR(III)NR error" "Event" "Elevation [m]" "TPM [mg/l] (Filtration)" "Mn2+ [µg/l] (total dissolved, Atomic absor...)" "Mn2+ [µg/l] (dissolved, Atomic absorption ...)" "Mn part [ng/l] (Atomic absorption spectrometr...)" "Fe [µg/l] (dissolved, Atomic absorption ...)" "Fe [µg/l] (particulate, Atomic absorptio...)" "Cr [µg/l] (dissolved, Atomic absorption ...)" "Cr [µg/l] (particulate, Atomic absorptio...)" "Cu [µg/l] (dissolved, Atomic absorption ...)" "Cu [µg/l] (particulate, Atomic absorptio...)" "Ni [µg/l] (dissolved, Atomic absorption ...)" "Ni [µg/l] (particulate, Atomic absorptio...)" "Co [µg/l] (dissolved, Atomic absorption ...)" "Co [µg/l] (particulate, Atomic absorptio...)" "Cd [µg/l] (dissolved, Atomic absorption ...)" "Cd [µg/l] (particulate, Atomic absorptio...)" "CrTOT (nM)" "dCrTOT53 (‰)" "2 s.d. (‰)" "O2" "error53Cr" "PO4" "Si(OH)4" "Water Mass" "date_time [UTC]" "trace_metal_rosette_cast_number" "ace_event_number" "ace_sample_number" "internal_error [‰]"
"Scheiderich2015" 145.013666666667 49.9991666666667 10 "PAPA 26" 0.91 189 32.69 NA 7.00466977985324 NA NA NA NA NA NA NA NA NA NA NA NA NA NA NA NA NA NA NA NA NA NA NA NA NA NA NA NA NA NA NA NA NA NA NA NA NA NA NA NA NA NA NA NA NA NA
"Scheiderich2015" 145.013666666667 49.9991666666667 1000 "PAPA 26" 0.61 228 34.38 NA 8.45007782966422 NA NA NA NA NA NA NA NA NA NA NA NA NA NA NA NA NA NA NA NA NA NA NA NA NA NA NA NA NA NA NA NA NA NA NA NA NA NA NA NA NA NA NA NA NA NA
"Scheiderich2015" 124.090666666667 46.22 10 "Oregon coast" 1.41 103 34.2 NA 3.81735972129568 NA NA NA NA NA NA NA NA NA NA NA NA NA NA NA NA NA NA NA NA NA NA NA NA NA NA NA NA NA NA NA NA NA NA NA NA NA NA NA NA NA NA NA NA NA NA
"Scheiderich2015" 124.090666666667 46.22 10 "Oregon coast" 1.4 103 34.2 NA 3.81735972129568 NA NA NA NA NA NA NA NA NA NA NA NA NA NA NA NA NA NA NA NA NA NA NA NA NA NA NA NA NA NA NA NA NA NA NA NA NA NA NA NA NA NA NA NA NA NA
"Scheiderich2015" 124.090666666667 46.22 10 "Oregon coast" 1.43 103 34.2 NA 3.81735972129568 NA NA NA NA NA NA NA NA NA NA NA NA NA NA NA NA NA NA NA NA NA NA NA NA NA NA NA NA NA NA NA NA NA NA NA NA NA NA NA NA NA NA NA NA NA NA
"Scheiderich2015" 62 28 1 "OSIL 1" 0.99 155 35 NA 5.74457045437699 NA NA NA NA NA NA NA NA NA NA NA NA NA NA NA NA NA NA NA NA NA NA NA NA NA NA NA NA NA NA NA NA NA NA NA NA NA NA NA NA NA NA NA NA NA NA
"Scheiderich2015" 62 28 1 "OSIL 2" 0.94 155 35 NA 5.74457045437699 NA NA NA NA NA NA NA NA NA NA NA NA NA NA NA NA NA NA NA NA NA NA NA NA NA NA NA NA NA NA NA NA NA NA NA NA NA NA NA NA NA NA NA NA NA NA
"Scheiderich2015" 62 28 1 "OSIL 3" 0.96 155 35 NA 5.74457045437699 NA NA NA NA NA NA NA NA NA NA NA NA NA NA NA NA NA NA NA NA NA NA NA NA NA NA NA NA NA NA NA NA NA NA NA NA NA NA NA NA NA NA NA NA NA NA
"Scheiderich2015" 62 28 1 "OSIL 6" 0.95 158 35 NA 5.85575568897784 NA NA NA NA NA NA NA NA NA NA NA NA NA NA NA NA NA NA NA NA NA NA NA NA NA NA NA NA NA NA NA NA NA NA NA NA NA NA NA NA NA NA NA NA NA NA
"Scheiderich2015" 62 28 1 "OSIL 7" 0.97 156 35 NA 5.78163219924394 NA NA NA NA NA NA NA NA NA NA NA NA NA NA NA NA NA NA NA NA NA NA NA NA NA NA NA NA NA NA NA NA NA NA NA NA NA NA NA NA NA NA NA NA NA NA
"Scheiderich2015" 62 28 1 "OSIL 8" 1 159 35 NA 5.89281743384479 NA NA NA NA NA NA NA NA NA NA NA NA NA NA NA NA NA NA NA NA NA NA NA NA NA NA NA NA NA NA NA NA NA NA NA NA NA NA NA NA NA NA NA NA NA NA
"Scheiderich2015" 62 28 1 "OSIL 9" 0.98 157 35 NA 5.81869394411089 NA NA NA NA NA NA NA NA NA NA NA NA NA NA NA NA NA NA NA NA NA NA NA NA NA NA NA NA NA NA NA NA NA NA NA NA NA NA NA NA NA NA NA NA NA NA
"Scheiderich2015" 62 28 1 "OSIL 10" 0.9 158 35 NA 5.85575568897784 NA NA NA NA NA NA NA NA NA NA NA NA NA NA NA NA NA NA NA NA NA NA NA NA NA NA NA NA NA NA NA NA NA NA NA NA NA NA NA NA NA NA NA NA NA NA
"Scheiderich2015" 137.983333333333 69.5 50 "S1" 1.49 90 31.42 9.1 3.33555703802535 NA NA NA NA NA NA NA NA NA NA NA NA NA NA NA NA NA NA NA NA NA NA NA NA NA NA NA NA NA NA NA NA NA NA NA NA NA NA NA NA NA NA NA NA NA NA
"Scheiderich2015" 138.15 69.6666666666667 100 "S1.1" 1.38 98 32.02 NA 3.63205099696094 NA NA NA NA NA NA NA NA NA NA NA NA NA NA NA NA NA NA NA NA NA NA NA NA NA NA NA NA NA NA NA NA NA NA NA NA NA NA NA NA NA NA NA NA NA NA
"Scheiderich2015" 138.333333333333 69.8166666666667 100 "S1.2" 1.33 95 32.08 NA 3.52086576236009 NA NA NA NA NA NA NA NA NA NA NA NA NA NA NA NA NA NA NA NA NA NA NA NA NA NA NA NA NA NA NA NA NA NA NA NA NA NA NA NA NA NA NA NA NA NA
"Scheiderich2015" 138 70 100 "S2" 1.39 99 32.08 7.49 3.66911274182789 NA NA NA NA NA NA NA NA NA NA NA NA NA NA NA NA NA NA NA NA NA NA NA NA NA NA NA NA NA NA NA NA NA NA NA NA NA NA NA NA NA NA NA NA NA NA
"Scheiderich2015" 139.016666666667 71.1 10 "L1" 1.53 73 25.7 8.82 2.70550737528723 NA NA NA NA NA NA NA NA NA NA NA NA NA NA NA NA NA NA NA NA NA NA NA NA NA NA NA NA NA NA NA NA NA NA NA NA NA NA NA NA NA NA NA NA NA NA
"Scheiderich2015" 139.016666666667 71.1 10 "L1" 1.47 64 25.7 8.82 2.37195167148469 NA NA NA NA NA NA NA NA NA NA NA NA NA NA NA NA NA NA NA NA NA NA NA NA NA NA NA NA NA NA NA NA NA NA NA NA NA NA NA NA NA NA NA NA NA NA
"Scheiderich2015" 139.016666666667 71.1 300 "L1" 1.19 133 34.66 6.42 4.92921206730413 NA NA NA NA NA NA NA NA NA NA NA NA NA NA NA NA NA NA NA NA NA NA NA NA NA NA NA NA NA NA NA NA NA NA NA NA NA NA NA NA NA NA NA NA NA NA
"Scheiderich2015" 139.016666666667 71.1 1500 "L1" 1.08 145 34.91 6.79 5.37395300570751 NA NA NA NA NA NA NA NA NA NA NA NA NA NA NA NA NA NA NA NA NA NA NA NA NA NA NA NA NA NA NA NA NA NA NA NA NA NA NA NA NA NA NA NA NA NA
"Scheiderich2015" 136.683333333333 72.5166666666667 10 "L1.1" 1.47 74 25.32 8.83 2.74256912015418 NA NA NA NA NA NA NA NA NA NA NA NA NA NA NA NA NA NA NA NA NA NA NA NA NA NA NA NA NA NA NA NA NA NA NA NA NA NA NA NA NA NA NA NA NA NA
"Scheiderich2015" 136.683333333333 72.5166666666667 50 "L1.1" 1.47 80 29.93 NA 2.96493958935587 NA NA NA NA NA NA NA NA NA NA NA NA NA NA NA NA NA NA NA NA NA NA NA NA NA NA NA NA NA NA NA NA NA NA NA NA NA NA NA NA NA NA NA NA NA NA
"Scheiderich2015" 136.683333333333 72.5166666666667 50 "L1.1" 1.49 79 29.93 NA 2.92787784448892 NA NA NA NA NA NA NA NA NA NA NA NA NA NA NA NA NA NA NA NA NA NA NA NA NA NA NA NA NA NA NA NA NA NA NA NA NA NA NA NA NA NA NA NA NA NA
"Scheiderich2015" 136.683333333333 72.5166666666667 100 "L1.1" 1.55 102 31.83 NA 3.78029797642873 NA NA NA NA NA NA NA NA NA NA NA NA NA NA NA NA NA NA NA NA NA NA NA NA NA NA NA NA NA NA NA NA NA NA NA NA NA NA NA NA NA NA NA NA NA NA
"Scheiderich2015" 136.683333333333 72.5166666666667 200 "L1.1" 1.35 113 33.6 6.11 4.18797716996516 NA NA NA NA NA NA NA NA NA NA NA NA NA NA NA NA NA NA NA NA NA NA NA NA NA NA NA NA NA NA NA NA NA NA NA NA NA NA NA NA NA NA NA NA NA NA
"Scheiderich2015" 136.683333333333 72.5166666666667 250 "L1.1" 1.2 144 34.37 6.51 5.33689126084056 NA NA NA NA NA NA NA NA NA NA NA NA NA NA NA NA NA NA NA NA NA NA NA NA NA NA NA NA NA NA NA NA NA NA NA NA NA NA NA NA NA NA NA NA NA NA
"Scheiderich2015" 136.683333333333 72.5166666666667 400 "L1.1" 1.17 150 34.8 6.63 5.55926173004225 NA NA NA NA NA NA NA NA NA NA NA NA NA NA NA NA NA NA NA NA NA NA NA NA NA NA NA NA NA NA NA NA NA NA NA NA NA NA NA NA NA NA NA NA NA NA
"Scheiderich2015" 136.683333333333 72.5166666666667 1000 "L1.1" 1.05 153 34.87 6.75 5.6704469646431 NA NA NA NA NA NA NA NA NA NA NA NA NA NA NA NA NA NA NA NA NA NA NA NA NA NA NA NA NA NA NA NA NA NA NA NA NA NA NA NA NA NA NA NA NA NA
"Scheiderich2015" 136.683333333333 72.5166666666667 1000 "L1.1" 1.09 141 34.87 6.75 5.22570602623972 NA NA NA NA NA NA NA NA NA NA NA NA NA NA NA NA NA NA NA NA NA NA NA NA NA NA NA NA NA NA NA NA NA NA NA NA NA NA NA NA NA NA NA NA NA NA
"Scheiderich2015" 136.683333333333 72.5166666666667 2000 "L1.1" 1.06 154 34.93 6.45 5.70750870951004 NA NA NA NA NA NA NA NA NA NA NA NA NA NA NA NA NA NA NA NA NA NA NA NA NA NA NA NA NA NA NA NA NA NA NA NA NA NA NA NA NA NA NA NA NA NA
"Scheiderich2015" 136.683333333333 72.5166666666667 2400 "L1.1" 1.05 163 34.94 6.28 6.04106441331258 NA NA NA NA NA NA NA NA NA NA NA NA NA NA NA NA NA NA NA NA NA NA NA NA NA NA NA NA NA NA NA NA NA NA NA NA NA NA NA NA NA NA NA NA NA NA
"Scheiderich2015" 136.683333333333 72.5166666666667 2400 "L1.1" 0.99 155 34.94 6.28 5.74457045437699 NA NA NA NA NA NA NA NA NA NA NA NA NA NA NA NA NA NA NA NA NA NA NA NA NA NA NA NA NA NA NA NA NA NA NA NA NA NA NA NA NA NA NA NA NA NA
"Scheiderich2015" 137.333333333333 74.6333333333333 600 "L2" 1.12 146 34.84 6.7 5.41101475057446 NA NA NA NA NA NA NA NA NA NA NA NA NA NA NA NA NA NA NA NA NA NA NA NA NA NA NA NA NA NA NA NA NA NA NA NA NA NA NA NA NA NA NA NA NA NA
"Scheiderich2015" 137.333333333333 74.6333333333333 2000 "L2" 1.06 140 34.93 6.57 5.18864428137277 NA NA NA NA NA NA NA NA NA NA NA NA NA NA NA NA NA NA NA NA NA NA NA NA NA NA NA NA NA NA NA NA NA NA NA NA NA NA NA NA NA NA NA NA NA NA
"Scheiderich2015" 137.333333333333 74.6333333333333 2500 "L2" 1.07 157 34.94 6.45 5.81869394411089 NA NA NA NA NA NA NA NA NA NA NA NA NA NA NA NA NA NA NA NA NA NA NA NA NA NA NA NA NA NA NA NA NA NA NA NA NA NA NA NA NA NA NA NA NA NA
"Scheiderich2015" 1.34216666666667 50.7791666666667 0 "Southampton water" 1.51 97 NA NA 3.59498925209399 NA NA NA NA NA NA NA NA NA NA NA NA NA NA NA NA NA NA NA NA NA NA NA NA NA NA NA NA NA NA NA NA NA NA NA NA NA NA NA NA NA NA NA NA NA NA
"Scheiderich2015" 1.34216666666667 50.7791666666667 3 "Southampton water" 1.5 96 NA NA 3.55792750722704 NA NA NA NA NA NA NA NA NA NA NA NA NA NA NA NA NA NA NA NA NA NA NA NA NA NA NA NA NA NA NA NA NA NA NA NA NA NA NA NA NA NA NA NA NA NA
"Scheiderich2015" 1.34216666666667 50.7791666666667 5 "Southampton water" 1.51 95 NA NA 3.52086576236009 NA NA NA NA NA NA NA NA NA NA NA NA NA NA NA NA NA NA NA NA NA NA NA NA NA NA NA NA NA NA NA NA NA NA NA NA NA NA NA NA NA NA NA NA NA NA
"Scheiderich2015" 1.34216666666667 50.7791666666667 11.5 "Southampton water" 1.5 96 NA NA 3.55792750722704 NA NA NA NA NA NA NA NA NA NA NA NA NA NA NA NA NA NA NA NA NA NA NA NA NA NA NA NA NA NA NA NA NA NA NA NA NA NA NA NA NA NA NA NA NA NA
"Scheiderich2015" 51.444 -40.5536666666667 30 "Argentine Basin" 0.41 331 NA NA 12.2674375509599 NA NA NA NA NA NA NA NA NA NA NA NA NA NA NA NA NA NA NA NA NA NA NA NA NA NA NA NA NA NA NA NA NA NA NA NA NA NA NA NA NA NA NA NA NA NA
"Scheiderich2015" 51.444 -40.5536666666667 150 "Argentine Basin" 0.66 325 NA NA 12.0450670817582 NA NA NA NA NA NA NA NA NA NA NA NA NA NA NA NA NA NA NA NA NA NA NA NA NA NA NA NA NA NA NA NA NA NA NA NA NA NA NA NA NA NA NA NA NA NA
"Scheiderich2015" 51.444 -40.5536666666667 700 "Argentine Basin" 0.56 338 NA NA 12.5268697650285 NA NA NA NA NA NA NA NA NA NA NA NA NA NA NA NA NA NA NA NA NA NA NA NA NA NA NA NA NA NA NA NA NA NA NA NA NA NA NA NA NA NA NA NA NA NA
"Scheiderich2015" 51.444 -40.5536666666667 1500 "Argentine Basin" 0.52 302 NA NA 11.1926469498184 NA NA NA NA NA NA NA NA NA NA NA NA NA NA NA NA NA NA NA NA NA NA NA NA NA NA NA NA NA NA NA NA NA NA NA NA NA NA NA NA NA NA NA NA NA NA
"Scheiderich2015" 51.444 -40.5536666666667 2289 "Argentine Basin" 0.49 316 NA NA 11.7115113779557 NA NA NA NA NA NA NA NA NA NA NA NA NA NA NA NA NA NA NA NA NA NA NA NA NA NA NA NA NA NA NA NA NA NA NA NA NA NA NA NA NA NA NA NA NA NA
"Scheiderich2015" 57.5333333333333 -35 0 "Parana Estuary" 0.44 1102 NA NA 40.8420428433771 NA NA NA NA NA NA NA NA NA NA NA NA NA NA NA NA NA NA NA NA NA NA NA NA NA NA NA NA NA NA NA NA NA NA NA NA NA NA NA NA NA NA NA NA NA NA
"Janssen2020" 147.215833333333 54.9996666666667 10 "1" 1.076 NA 32.558 NA NA "KM1713" "1" "1-1-22" 24.824 11.39 9 162 3.12 0.02 0.26 0.03 8.6 0.9 2.83 0.03 NA NA NA NA NA NA NA NA NA NA NA NA NA NA NA NA NA NA NA NA NA NA NA NA NA NA NA NA NA NA NA
"Janssen2020" 147.214333333333 55.0003333333333 10 "1" 1.092 NA 32.558 NA NA "KM1713" "15" "1-15-2" 24.824 11.39 9 160 3.08 0.02 0.26 0.03 8.6 0.9 2.83 0.03 NA NA NA NA NA NA NA NA NA NA NA NA NA NA NA NA NA NA NA NA NA NA NA NA NA NA NA NA NA NA NA
"Janssen2020" 147.216666666667 54.9998333333333 10 "1" 1.103 NA 32.558 NA NA "KM1713" "27" "1-27-1" 24.824 11.39 9 160 3.07 0.03 0.26 0.03 8.6 0.9 2.83 0.03 NA NA NA NA NA NA NA NA NA NA NA NA NA NA NA NA NA NA NA NA NA NA NA NA NA NA NA NA NA NA NA
"Janssen2020" 147.215833333333 54.9996666666667 30 "1" 1.107 NA 32.76 NA NA "KM1713" "1" "1-1-18" 25.813 6.15 16.3 163 3.14 0.023 0.39 0.04 12.6 1.3 2.74 0.04 NA NA NA NA NA NA NA NA NA NA NA NA NA NA NA NA NA NA NA NA NA NA NA NA NA NA NA NA NA NA NA
"Janssen2020" 147.215833333333 54.9996666666667 50 "1" 1.084 NA 32.876 NA NA "KM1713" "1" "1-1-14" 26.13 4.41 21.2 165 3.17 0.028 0.29 0.03 9.1 0.9 2.88 0.03 NA NA NA NA NA NA NA NA NA NA NA NA NA NA NA NA NA NA NA NA NA NA NA NA NA NA NA NA NA NA NA
"Janssen2020" 147.215833333333 54.9996666666667 100 "1" 1.038 NA 33.624 NA NA "KM1713" "1" "1-1-10" 26.773 4.42 36 168 3.24 0.04 0.27 0.03 8.2 0.8 2.97 0.03 NA NA NA NA NA NA NA NA NA NA NA NA NA NA NA NA NA NA NA NA NA NA NA NA NA NA NA NA NA NA NA
"Janssen2020" 147.215833333333 54.9996666666667 150 "1" 1.037 NA 33.828 NA NA "KM1713" "1" "1-1-6" 27.006 3.99 41.2 177 3.4 0.036 0.29 0.03 8.5 0.9 3.11 0.03 NA NA NA NA NA NA NA NA NA NA NA NA NA NA NA NA NA NA NA NA NA NA NA NA NA NA NA NA NA NA NA
"Janssen2020" 147.215833333333 54.9996666666667 200 "1" 1.048 NA 33.89 NA NA "KM1713" "1" "1-1-2" 27.068 3.93 42.6 180 3.46 0.029 0.51 0.05 14.6 1.5 2.95 0.05 NA NA NA NA NA NA NA NA NA NA NA NA NA NA NA NA NA NA NA NA NA NA NA NA NA NA NA NA NA NA NA
"Janssen2020" 145.000166666667 49.9943333333333 10 "2" 1.067 NA 32.351 NA NA "KM1713" "5" "2-5-22" 24.318 13.18 6.9 157 3.01 0.025 0.26 0.04 8.5 1.4 2.78 0.04 NA NA NA NA NA NA NA NA NA NA NA NA NA NA NA NA NA NA NA NA NA NA NA NA NA NA NA NA NA NA NA
"Janssen2020" 145.008833333333 49.9781666666667 10 "2" 1.101 NA 32.351 NA NA "KM1713" "17" "2-17-2" 24.318 13.18 6.9 157 3.02 0.02 0.26 0.04 8.5 1.4 2.78 0.04 NA NA NA NA NA NA NA NA NA NA NA NA NA NA NA NA NA NA NA NA NA NA NA NA NA NA NA NA NA NA NA
"Janssen2020" 145.004166666667 49.9543333333333 10 "2" 1.086 NA 32.351 NA NA "KM1713" "31" "2-31-2" 24.318 13.18 6.9 159 3.07 0.019 0.26 0.04 8.5 1.4 2.78 0.04 NA NA NA NA NA NA NA NA NA NA NA NA NA NA NA NA NA NA NA NA NA NA NA NA NA NA NA NA NA NA NA
"Janssen2020" 145.000166666667 49.9943333333333 30 "2" 1.115 NA 32.381 NA NA "KM1713" "5" "2-5-18" 24.585 11.37 8 159 3.07 0.029 0.23 0.02 7.5 0.8 2.84 0.02 NA NA NA NA NA NA NA NA NA NA NA NA NA NA NA NA NA NA NA NA NA NA NA NA NA NA NA NA NA NA NA
"Janssen2020" 145.000166666667 49.9943333333333 50 "2" 1.094 NA 32.612 NA NA "KM1713" "5" "2-5-14" 25.692 5.92 14.7 160 3.07 0.023 0.22 0.03 7.3 1.1 2.86 0.03 NA NA NA NA NA NA NA NA NA NA NA NA NA NA NA NA NA NA NA NA NA NA NA NA NA NA NA NA NA NA NA
"Janssen2020" 145.012833333333 49.9453333333333 50 "2" 1.087 NA 32.612 NA NA "KM1713" "27" "2-27-1" 25.692 5.92 14.7 161 3.1 0.026 0.22 0.03 7.3 1.1 2.86 0.03 NA NA NA NA NA NA NA NA NA NA NA NA NA NA NA NA NA NA NA NA NA NA NA NA NA NA NA NA NA NA NA
"Janssen2020" 145.000166666667 49.9943333333333 75 "2" 1.096 NA 32.612 NA NA "KM1713" "5" "2-5-12" 25.871 4.77 16.9 162 3.11 0.025 0.23 0.02 7.3 0.7 2.88 0.02 NA NA NA NA NA NA NA NA NA NA NA NA NA NA NA NA NA NA NA NA NA NA NA NA NA NA NA NA NA NA NA
"Janssen2020" 145.000166666667 49.9943333333333 100 "2" 1.087 NA 32.667 NA NA "KM1713" "5" "2-5-10" 25.963 4.37 19.2 162 3.11 0.035 0.19 0.02 6.2 0.6 2.92 0.02 NA NA NA NA NA NA NA NA NA NA NA NA NA NA NA NA NA NA NA NA NA NA NA NA NA NA NA NA NA NA NA
"Janssen2020" 145.000166666667 49.9943333333333 200 "2" 1.076 NA 33.828 NA NA "KM1713" "5" "2-5-2" 26.81 5.53 29.5 165 3.17 0.027 0.2 0.02 6.1 0.6 2.98 0.02 NA NA NA NA NA NA NA NA NA NA NA NA NA NA NA NA NA NA NA NA NA NA NA NA NA NA NA NA NA NA NA
"Janssen2020" 157.999333333333 46.0005 10 "3" 1.121 NA 32.443 NA NA "KM1713" "1" "3-1-22" 24.35 13.38 6.6 163 3.14 0.049 0.19 0.03 6.1 1.1 2.89 0.03 NA NA NA NA NA NA NA NA NA NA NA NA NA NA NA NA NA NA NA NA NA NA NA NA NA NA NA NA NA NA NA
"Janssen2020" 158.029 46.0125 10 "3" 1.08 NA 32.443 NA NA "KM1713" "20" "3-20-2" 24.35 13.38 6.6 159 3.06 0.021 0.19 0.03 6.1 1.1 2.89 0.03 NA NA NA NA NA NA NA NA NA NA NA NA NA NA NA NA NA NA NA NA NA NA NA NA NA NA NA NA NA NA NA
"Janssen2020" 157.926166666667 46.0563333333333 10 "3" 1.1 NA 32.443 NA NA "KM1713" "31" "3-31-2" 24.35 13.38 6.6 158 3.03 0.024 0.19 0.03 6.1 1.1 2.89 0.03 NA NA NA NA NA NA NA NA NA NA NA NA NA NA NA NA NA NA NA NA NA NA NA NA NA NA NA NA NA NA NA
"Janssen2020" 157.999333333333 46.0005 30 "3" 1.077 NA 32.439 NA NA "KM1713" "1" "3-1-18" 24.35 13.37 6.9 161 3.1 0.027 0.24 0.02 7.8 0.8 2.86 0.02 NA NA NA NA NA NA NA NA NA NA NA NA NA NA NA NA NA NA NA NA NA NA NA NA NA NA NA NA NA NA NA
"Janssen2020" 157.999333333333 46.0005 50 "3" 1.093 NA 32.632 NA NA "KM1713" "1" "3-1-14" 25.485 7.78 13.3 163 3.14 0.027 0.18 0.02 5.7 0.6 2.96 0.02 NA NA NA NA NA NA NA NA NA NA NA NA NA NA NA NA NA NA NA NA NA NA NA NA NA NA NA NA NA NA NA
"Janssen2020" 157.999333333333 46.0005 75 "3" 1.082 NA 32.714 NA NA "KM1713" "1-15" "3-1-12" 25.719 6.62 15.3 162 3.12 0.015 0.24 0.05 7.8 1.6 2.88 0.05 NA NA NA NA NA NA NA NA NA NA NA NA NA NA NA NA NA NA NA NA NA NA NA NA NA NA NA NA NA NA NA
"Janssen2020" 160.9 46.0131666666667 75 "3" NA NA 32.753 NA NA "KM1713" "18-32" "3-18-2" 25.721 6.84 12.8 NA NA NA 0.11 0.02 NA NA NA NA NA NA NA NA NA NA NA NA NA NA NA NA NA NA NA NA NA NA NA NA NA NA NA NA NA NA NA NA NA NA NA
"Janssen2020" 157.999333333333 46.0005 100 "3" 1.077 NA 32.815 NA NA "KM1713" "1" "3-1-10" 25.833 6.39 15.8 162 3.12 0.028 0.16 0.02 5.2 0.5 2.96 0.02 NA NA NA NA NA NA NA NA NA NA NA NA NA NA NA NA NA NA NA NA NA NA NA NA NA NA NA NA NA NA NA
"Janssen2020" 157.999333333333 46.0005 150 "3" 1.104 NA 33.756 NA NA "KM1713" "1" "3-1-6" 26.673 6.18 24.5 164 3.15 0.028 0.28 0.03 9 0.9 2.87 0.03 NA NA NA NA NA NA NA NA NA NA NA NA NA NA NA NA NA NA NA NA NA NA NA NA NA NA NA NA NA NA NA
"Janssen2020" 157.999333333333 46.0005 200 "3" 1.078 NA 33.804 NA NA "KM1713" "1" "3-1-2" 26.764 5.73 27.7 166 3.19 0.023 0.15 0.01 4.7 0.4 3.04 0.01 NA NA NA NA NA NA NA NA NA NA NA NA NA NA NA NA NA NA NA NA NA NA NA NA NA NA NA NA NA NA NA
"Janssen2020" 158.0085 41.9971666666667 10 "4" 1.135 NA 32.724 NA NA "KM1713" "2" "4-2-22" 23.824 16.81 0.8 158 3.04 0.026 0.17 0.04 5.5 1.2 2.84 0.04 NA NA NA NA NA NA NA NA NA NA NA NA NA NA NA NA NA NA NA NA NA NA NA NA NA NA NA NA NA NA NA
"Janssen2020" 157.992833333333 42.0106666666667 10 "4" 1.119 NA 32.724 NA NA "KM1713" "8" "4-8-2" 23.824 16.81 0.8 156 3 0.03 0.17 0.04 5.5 1.2 2.84 0.04 NA NA NA NA NA NA NA NA NA NA NA NA NA NA NA NA NA NA NA NA NA NA NA NA NA NA NA NA NA NA NA
"Janssen2020" 157.991833333333 42.0046666666667 10 "4" 1.096 NA 32.724 NA NA "KM1713" "17" "4-17-4" 23.824 16.81 0.8 155 2.98 0.03 0.17 0.04 5.5 1.2 2.84 0.04 NA NA NA NA NA NA NA NA NA NA NA NA NA NA NA NA NA NA NA NA NA NA NA NA NA NA NA NA NA NA NA
"Janssen2020" 158.0085 41.9971666666667 30 "4" 1.143 NA 32.986 NA NA "KM1713" "2" "4-17-18" 24.505 14.67 0.3 159 3.05 0.025 0.22 0.02 7.1 0.7 2.83 0.02 NA NA NA NA NA NA NA NA NA NA NA NA NA NA NA NA NA NA NA NA NA NA NA NA NA NA NA NA NA NA NA
"Janssen2020" 158.0085 41.9971666666667 50 "4" 1.132 NA 33.275 NA NA "KM1713" "2" "4-2-14" 25.335 11.71 3.6 155 2.99 0.022 0.15 0.02 5.1 0.6 2.86 0.02 NA NA NA NA NA NA NA NA NA NA NA NA NA NA NA NA NA NA NA NA NA NA NA NA NA NA NA NA NA NA NA
"Janssen2020" 157.991833333333 42.0046666666667 50 "4" 1.112 NA 33.275 NA NA "KM1713" "17" "4-17-1" 25.335 11.71 3.6 158 3.04 0.026 0.15 0.02 5.1 0.6 2.86 0.02 NA NA NA NA NA NA NA NA NA NA NA NA NA NA NA NA NA NA NA NA NA NA NA NA NA NA NA NA NA NA NA
"Janssen2020" 158.0085 41.9971666666667 75 "4" 1.118 NA 33.215 NA NA "KM1713" "2" "4-2-12" 25.69 9.47 9.9 158 3.04 0.029 0.15 0.01 4.9 0.5 2.89 0.01 NA NA NA NA NA NA NA NA NA NA NA NA NA NA NA NA NA NA NA NA NA NA NA NA NA NA NA NA NA NA NA
"Janssen2020" 158.0085 41.9971666666667 100 "4" 1.121 NA 33.45 NA NA "KM1713" "2" "4-2-10" 25.857 9.61 10.3 156 3 0.034 0.16 0.02 5.2 0.5 2.84 0.02 NA NA NA NA NA NA NA NA NA NA NA NA NA NA NA NA NA NA NA NA NA NA NA NA NA NA NA NA NA NA NA
"Janssen2020" 158.0085 41.9971666666667 150 "4" 1.122 NA 33.952 NA NA "KM1713" "2" "4-2-6" 26.352 9.1 14.8 159 3.05 0.037 0.1 0.01 3.4 0.3 2.94 0.01 NA NA NA NA NA NA NA NA NA NA NA NA NA NA NA NA NA NA NA NA NA NA NA NA NA NA NA NA NA NA NA
"Janssen2020" 158.0085 41.9971666666667 200 "4" 1.105 NA 33.907 NA NA "KM1713" "2" "4-2-2" 26.426 8.45 15.5 158 3.04 0.029 0.12 0.01 3.8 0.4 2.92 0.01 NA NA NA NA NA NA NA NA NA NA NA NA NA NA NA NA NA NA NA NA NA NA NA NA NA NA NA NA NA NA NA
"Janssen2020" 158 33.9998333333333 10 "5" 1.137 NA 34.651 NA NA "KM1713" "1" "5-1-22" 23.448 23.79 0.1 157 3.02 0.022 0.09 0.02 3.1 0.7 2.93 0.02 NA NA NA NA NA NA NA NA NA NA NA NA NA NA NA NA NA NA NA NA NA NA NA NA NA NA NA NA NA NA NA
"Janssen2020" 157.961 34.0138333333333 10 "5" 1.163 NA 34.651 NA NA "KM1713" "15" "5-15-15" 23.448 23.79 0.1 157 3.02 0.022 0.09 0.02 3.1 0.7 2.93 0.02 NA NA NA NA NA NA NA NA NA NA NA NA NA NA NA NA NA NA NA NA NA NA NA NA NA NA NA NA NA NA NA
"Janssen2020" 158 33.9998333333333 30 "5" 1.092 NA 34.343 NA NA "KM1713" "1" "5-1-18" 24.665 18.49 0.1 156 3.01 0.045 0.1 0.01 3.4 0.3 2.9 0.01 NA NA NA NA NA NA NA NA NA NA NA NA NA NA NA NA NA NA NA NA NA NA NA NA NA NA NA NA NA NA NA
"Janssen2020" 158 33.9998333333333 50 "5" NA NA 34.359 NA NA "KM1713" "1" "5-1-14" 25.122 16.68 0.2 NA NA NA 0.09 0.01 NA NA NA NA NA NA NA NA NA NA NA NA NA NA NA NA NA NA NA NA NA NA NA NA NA NA NA NA NA NA NA NA NA NA NA
"Janssen2020" 158 33.9998333333333 75 "5" 1.131 NA 34.282 NA NA "KM1713" "1" "5-1-15" 25.515 14.71 0.2 157 3.02 0.027 0.26 0.03 8.5 0.9 2.76 0.03 NA NA NA NA NA NA NA NA NA NA NA NA NA NA NA NA NA NA NA NA NA NA NA NA NA NA NA NA NA NA NA
"Janssen2020" 158 33.9998333333333 90 "5" 1.13 NA 34.263 NA NA "KM1713" "1" "5-1-10" 25.639 14.08 NA 157 3.02 0.032 0.1 0.02 3.3 0.6 2.95 0.02 NA NA NA NA NA NA NA NA NA NA NA NA NA NA NA NA NA NA NA NA NA NA NA NA NA NA NA NA NA NA NA
"Janssen2020" 157.961 34.0138333333333 90 "5" 1.136 NA 34.263 NA NA "KM1713" "15" "5-15-9" 25.639 14.08 NA 160 3.08 0.021 0.1 0.02 3.3 0.6 2.95 0.02 NA NA NA NA NA NA NA NA NA NA NA NA NA NA NA NA NA NA NA NA NA NA NA NA NA NA NA NA NA NA NA
"Janssen2020" 158 33.9998333333333 150 "5" 1.066 NA 34.286 NA NA "KM1713" "1" "5-1-6" 25.954 12.68 9.1 161 3.09 0.041 0.08 0.01 2.6 0.3 3.01 0.01 NA NA NA NA NA NA NA NA NA NA NA NA NA NA NA NA NA NA NA NA NA NA NA NA NA NA NA NA NA NA NA
"Janssen2020" 158 33.9998333333333 200 "5" 1.129 NA 34.232 NA NA "KM1713" "1" "5-1-2" 26.114 11.67 10.9 157 3.03 0.016 0.09 0.01 2.8 0.4 2.99 0.01 NA NA NA NA NA NA NA NA NA NA NA NA NA NA NA NA NA NA NA NA NA NA NA NA NA NA NA NA NA NA NA
"Janssen2020" 157.961 34.0138333333333 200 "5" 1.161 NA 34.232 NA NA "KM1713" "15" "5-15-7" 26.114 11.67 10.9 162 3.12 0.078 0.09 0.01 2.8 0.4 2.99 0.01 NA NA NA NA NA NA NA NA NA NA NA NA NA NA NA NA NA NA NA NA NA NA NA NA NA NA NA NA NA NA NA
"Janssen2020" 157.961 34.0138333333333 300 "5" 1.076 NA 34.151 NA NA "KM1713" "15" "5-15-6" 26.283 10.45 NA 154 2.96 0.05 0.08 0.01 2.5 0.3 2.88 0.01 NA NA NA NA NA NA NA NA NA NA NA NA NA NA NA NA NA NA NA NA NA NA NA NA NA NA NA NA NA NA NA
"Janssen2020" 157.961 34.0138333333333 400 "5" 1.047 NA 34.08 NA NA "KM1713" "15" "5-15-5" 26.52 8.79 NA 151 2.9 0.04 0.13 0.01 4.5 0.5 2.77 0.01 NA NA NA NA NA NA NA NA NA NA NA NA NA NA NA NA NA NA NA NA NA NA NA NA NA NA NA NA NA NA NA
"Janssen2020" 157.961 34.0138333333333 600 "5" 1.042 NA 34.01 NA NA "KM1713" "15" "5-15-3" 26.985 5.42 NA 181 3.48 0.041 0.1 0.01 2.9 0.3 3.38 0.01 NA NA NA NA NA NA NA NA NA NA NA NA NA NA NA NA NA NA NA NA NA NA NA NA NA NA NA NA NA NA NA
"Janssen2020" 157.961 34.0138333333333 800 "5" 0.956 NA 34.188 NA NA "KM1713" "15" "5-15-1" 27.311 4.09 NA 193 3.7 0.058 0.15 0.01 4 0.4 3.55 0.01 NA NA NA NA NA NA NA NA NA NA NA NA NA NA NA NA NA NA NA NA NA NA NA NA NA NA NA NA NA NA NA
"Janssen2020" 157.964333333333 33.9981666666667 1000 "5" 0.938 NA 34.342 NA NA "KM1713" "9" "5-9-2" 27.505 3.54 NA 199 3.83 0.038 0.12 0.01 3.1 0.3 3.71 0.01 NA NA NA NA NA NA NA NA NA NA NA NA NA NA NA NA NA NA NA NA NA NA NA NA NA NA NA NA NA NA NA
"Janssen2020" 160.253833333333 24.1671666666667 10 "6" 1.145 NA 35.003 NA NA "KM1713" "1" "6-1-2" 22.508 27.67 0.0589 155 2.99 0.03 0.1 0.03 3.2 1.1 2.89 0.03 NA NA NA NA NA NA NA NA NA NA NA NA NA NA NA NA NA NA NA NA NA NA NA NA NA NA NA NA NA NA NA
"Janssen2020" 160.259166666667 24.1701666666667 10 "6" 1.149 NA 35.003 NA NA "KM1713" "5" "6-5-2" 22.508 27.67 0.0589 155 2.98 0.021 0.1 0.03 3.2 1.1 2.89 0.03 NA NA NA NA NA NA NA NA NA NA NA NA NA NA NA NA NA NA NA NA NA NA NA NA NA NA NA NA NA NA NA
"Janssen2020" 160.253833333333 24.1671666666667 100 "6" 1.141 NA 35.172 NA NA "KM1713" "1" "6-1-1" 24.302 22.2 0.2 158 3.04 0.024 0.07 0.01 2.4 0.2 2.96 0.01 NA NA NA NA NA NA NA NA NA NA NA NA NA NA NA NA NA NA NA NA NA NA NA NA NA NA NA NA NA NA NA
"Demina1989" 155.302 50.514 30 NA NA NA NA NA 153.30907144962 NA NA NA NA NA NA NA NA NA NA NA NA NA NA NA "AMK11A-1392" -792 160 0.68 45 166 4.51 0.97 4.24 0.029 1.73 0.018 0.97 0.55 1.03 0.67 0.0624 7e-04 NA NA NA NA NA NA NA NA NA NA NA NA NA
"Demina1989" 155.302 50.514 123 NA NA NA NA NA 0.361577998701935 NA NA NA NA NA NA NA NA NA NA NA NA NA NA NA "AMK11A-1392" -792 192 1.08 43 35 0.7 0.07 0.01 0.003 0.02 0.001 0.49 0.12 0.25 0.04 0.504 3e-04 NA NA NA NA NA NA NA NA NA NA NA NA NA
"Demina1989" 155.302 50.514 403 NA NA NA NA NA 28.5646618974529 NA NA NA NA NA NA NA NA NA NA NA NA NA NA NA "AMK11A-1392" -792 196 0.96 105 54 3.12 0.23 0.79 0.017 1.16 0.007 1.39 0.28 1.267 0.51 0.252 7e-04 NA NA NA NA NA NA NA NA NA NA NA NA NA
"Demina1989" 155.302 50.514 603 NA NA NA NA NA 6.1468259779329 NA NA NA NA NA NA NA NA NA NA NA NA NA NA NA "AMK11A-1392" -792 31 0.704 76 12 3.75 0.1 0.17 0.005 0.72 0.003 0.05 0.03 0.965 0.003 0.055 1e-04 NA NA NA NA NA NA NA NA NA NA NA NA NA
"Demina1989" 155.302 50.514 693 NA NA NA NA NA 2.16946799221161 NA NA NA NA NA NA NA NA NA NA NA NA NA NA NA "AMK11A-1392" -792 274 0.16 44 40 5.42 0.2 0.06 0.004 0.35 0.001 0.27 0.28 1.08 0.246 0.049 2e-04 NA NA NA NA NA NA NA NA NA NA NA NA NA
"Demina1989" 155.302 50.514 762 NA NA NA NA NA 43.7509378429341 NA NA NA NA NA NA NA NA NA NA NA NA NA NA NA "AMK11A-1392" -792 105 0.48 91 36 4.61 0.11 1.21 0.002 0.92 0.006 1.27 0.22 0.73 0.022 0.09 1e-04 NA NA NA NA NA NA NA NA NA NA NA NA NA
"Demina1989" 155.302 50.514 781 NA NA NA NA NA 131.614391527504 NA NA NA NA NA NA NA NA NA NA NA NA NA NA NA "AMK11A-1392" -792 148 0.4 29 184 4.53 0.31 3.64 NA 0.46 0.006 0.08 0.33 1.02 0.482 0.034 0.0043 NA NA NA NA NA NA NA NA NA NA NA NA NA
"Demina1989" 155.3035 50.515 80 NA NA NA NA NA 0.0361577998701935 NA NA NA NA NA NA NA NA NA NA NA NA NA NA NA "AMK11A-1395" -782 85 0.064 20 54 0.65 0.28 0.001 0.001 0.022 0.001 0.28 0.21 0.128 0.005 0.072 1e-04 NA NA NA NA NA NA NA NA NA NA NA NA NA
"Demina1989" 155.3035 50.515 200 NA NA NA NA NA 0.361577998701935 NA NA NA NA NA NA NA NA NA NA NA NA NA NA NA "AMK11A-1395" -782 86 0.032 25 112 0.64 0.19 0.01 0.003 0.024 0.003 0.4 0.02 0.186 0.103 0.12 2e-04 NA NA NA NA NA NA NA NA NA NA NA NA NA
"Demina1989" 155.3035 50.515 300 NA NA NA NA NA 0.867787196884644 NA NA NA NA NA NA NA NA NA NA NA NA NA NA NA "AMK11A-1395" -782 162 0.052 28 80 0.58 0.8 0.024 0.008 0.028 0.002 0.36 0.16 0.218 0.016 0.612 3e-04 NA NA NA NA NA NA NA NA NA NA NA NA NA
"Demina1989" 155.3035 50.515 500 NA NA NA NA NA 0.253104599091355 NA NA NA NA NA NA NA NA NA NA NA NA NA NA NA "AMK11A-1395" -782 126 0.104 30 120 0.91 1.66 0.007 0.017 0.028 0.007 0.44 0.35 0.202 2.47 0.456 2e-04 NA NA NA NA NA NA NA NA NA NA NA NA NA
"Demina1989" 155.3035 50.515 600 NA NA NA NA NA 0.216946799221161 NA NA NA NA NA NA NA NA NA NA NA NA NA NA NA "AMK11A-1395" -782 65 0.018 10 154 0.52 1.43 0.006 0.253 0.021 0.033 0.35 1.56 0.186 1.14 0.16 0.0011 NA NA NA NA NA NA NA NA NA NA NA NA NA
"Demina1989" 155.3035 50.515 700 NA NA NA NA NA 0.433893598442322 NA NA NA NA NA NA NA NA NA NA NA NA NA NA NA "AMK11A-1395" -782 53 0.044 32 93 0.56 0.41 0.012 0.042 0.02 0.001 0.32 0.04 0.18 0.065 0.11 1e-04 NA NA NA NA NA NA NA NA NA NA NA NA NA
"Demina1989" 155.3035 50.515 770 NA NA NA NA NA 0.144631199480774 NA NA NA NA NA NA NA NA NA NA NA NA NA NA NA "AMK11A-1395" -782 104 0.096 28 136 0.77 0.75 0.004 0.02 0.02 0.014 0.35 0.16 0.173 0.372 0.216 0.0016 NA NA NA NA NA NA NA NA NA NA NA NA NA
"Demina1989" 155.291 50.5077 121 NA NA NA NA NA 0.831629397014451 NA NA NA NA NA NA NA NA NA NA NA NA NA NA NA "AMK11A-1397" -796 48 0.206 140 70 0.76 0.28 0.023 0.001 0.015 0.007 0.96 0.02 0.804 0.031 0.0255 3e-04 NA NA NA NA NA NA NA NA NA NA NA NA NA
"Demina1989" 155.291 50.5077 301 NA NA NA NA NA 1.95252119299045 NA NA NA NA NA NA NA NA NA NA NA NA NA NA NA "AMK11A-1397" -796 67 0.31 50 168 0.7 0.16 0.054 0.001 0.035 0.002 1.44 1.01 0.698 0.27 0.03 3e-04 NA NA NA NA NA NA NA NA NA NA NA NA NA
"Demina1989" 155.291 50.5077 402 NA NA NA NA NA 1.41015419493755 NA NA NA NA NA NA NA NA NA NA NA NA NA NA NA "AMK11A-1397" -796 73 0.05 39 28 0.93 0.11 0.039 0.003 0.026 0.007 1.1 0.22 1.01 0.006 0.0314 3e-04 NA NA NA NA NA NA NA NA NA NA NA NA NA
"Demina1989" 155.291 50.5077 602 NA NA NA NA NA 4.80898738273574 NA NA NA NA NA NA NA NA NA NA NA NA NA NA NA "AMK11A-1397" -796 60 0.7 149 48 0.91 0.14 0.133 0.001 0.015 0.002 0.64 0.02 0.85 0.01 0.0306 0.0012 NA NA NA NA NA NA NA NA NA NA NA NA NA
"Demina1989" 155.291 50.5077 701 NA NA NA NA NA 42.6662038468283 NA NA NA NA NA NA NA NA NA NA NA NA NA NA NA "AMK11A-1397" -796 108 0.43 130 129 2.26 0.35 1.18 0.001 0.119 0.002 2.12 0.27 1.576 1.94 0.0504 3e-04 NA NA NA NA NA NA NA NA NA NA NA NA NA
"Demina1989" 155.291 50.5077 743 NA NA NA NA NA 0.903944996754838 NA NA NA NA NA NA NA NA NA NA NA NA NA NA NA "AMK11A-1397" -796 41 NA 62 78 0.97 0.7 0.025 0.006 0.03 0.01 0.95 0.53 0.95 1.36 0.03 1e-04 NA NA NA NA NA NA NA NA NA NA NA NA NA
"Demina1989" 155.291 50.5077 788 NA NA NA NA NA 1.73557439376929 NA NA NA NA NA NA NA NA NA NA NA NA NA NA NA "AMK11A-1397" -796 220 0.264 48 13 0.98 0.76 0.048 0.001 0.046 0.003 1.51 0.14 0.925 0.005 0.0403 1e-04 NA NA NA NA NA NA NA NA NA NA NA NA NA
"Demina1989" 155.5178 50.4417 33 NA NA NA NA NA 0.650840397663483 NA NA NA NA NA NA NA NA NA NA NA NA NA NA NA "AMK11A-1400" -308 130 0.102 10 138 0.2 0.16 0.018 0.01 0.06 0.011 0.53 0.45 0.078 0.542 0.0086 3e-04 NA NA NA NA NA NA NA NA NA NA NA NA NA
"Demina1989" 155.5178 50.4417 83 NA NA NA NA NA 1.59094319428851 NA NA NA NA NA NA NA NA NA NA NA NA NA NA NA "AMK11A-1400" -308 160 0.144 54 123 0.69 0.28 0.044 0.02 0.017 0.021 0.59 0.6 0.151 0.98 0.0224 0.0011 NA NA NA NA NA NA NA NA NA NA NA NA NA
"Demina1989" 155.5178 50.4417 124 NA NA NA NA NA 2.7841505900049 NA NA NA NA NA NA NA NA NA NA NA NA NA NA NA "AMK11A-1400" -308 337 0.112 16 94 0.44 0.38 0.077 0.034 0.018 0.014 0.37 0.61 0.588 1.18 0.0181 0.0017 NA NA NA NA NA NA NA NA NA NA NA NA NA
"Demina1989" 155.5178 50.4417 154 NA NA NA NA NA 1.19320739571639 NA NA NA NA NA NA NA NA NA NA NA NA NA NA NA "AMK11A-1400" -308 118 0.18 38 81 0.51 0.34 0.033 0.022 0.016 0.032 0.49 0.56 0.136 1.55 0.0166 9e-04 NA NA NA NA NA NA NA NA NA NA NA NA NA
"Demina1989" 155.5178 50.4417 190 NA NA NA NA NA 2.35025699156258 NA NA NA NA NA NA NA NA NA NA NA NA NA NA NA "AMK11A-1400" -308 126 0.05 34 183 0.6 0.6 0.065 0.016 0.022 0.008 0.36 0.82 0.073 0.16 0.0178 0.0018 NA NA NA NA NA NA NA NA NA NA NA NA NA
"Demina1989" 155.5178 50.4417 256 NA NA NA NA NA 2.53104599091355 NA NA NA NA NA NA NA NA NA NA NA NA NA NA NA "AMK11A-1400" -308 403 0.012 76 175 0.95 0.5 0.07 0.019 0.066 0.025 0.88 0.41 0.306 1.19 0.038 0.001 NA NA NA NA NA NA NA NA NA NA NA NA NA
"Demina1989" 155.5178 50.4417 290 NA NA NA NA NA 1.69941659389909 NA NA NA NA NA NA NA NA NA NA NA NA NA NA NA "AMK11A-1400" -308 77 0.35 72 69 0.75 0.67 0.047 0.013 0.023 0.021 0.7 0.38 0.333 0.86 0.023 3e-04 NA NA NA NA NA NA NA NA NA NA NA NA NA
"Demina1989" 155.36 50.4767 34 NA NA NA NA NA 0.795471597144257 NA NA NA NA NA NA NA NA NA NA NA NA NA NA NA "AMK11A-1401" -690 150 0.16 37 67 0.47 0.25 0.022 0.03 0.048 0.022 0.22 0.6 0.037 0.282 0.036 7e-04 NA NA NA NA NA NA NA NA NA NA NA NA NA
"Demina1989" 155.36 50.4767 82 NA NA NA NA NA 1.91636339312026 NA NA NA NA NA NA NA NA NA NA NA NA NA NA NA "AMK11A-1401" -690 34 0.152 133 149 0.37 0.53 0.053 0.014 0.018 0.007 0.31 0.74 0.116 1.48 0.0421 2e-04 NA NA NA NA NA NA NA NA NA NA NA NA NA
"Demina1989" 155.36 50.4767 123 NA NA NA NA NA 2.67567719039432 NA NA NA NA NA NA NA NA NA NA NA NA NA NA NA "AMK11A-1401" -690 74 0.068 60 98 0.63 0.71 0.074 0.022 0.012 0.004 0.95 0.57 0.164 0.5 0.0424 7e-04 NA NA NA NA NA NA NA NA NA NA NA NA NA
"Demina1989" 155.36 50.4767 204 NA NA NA NA NA 2.74799279013471 NA NA NA NA NA NA NA NA NA NA NA NA NA NA NA "AMK11A-1401" -690 77 0.254 52 48 0.53 0.52 0.076 0.014 0.015 0.009 0.48 0.33 0.256 0.235 0.025 7e-04 NA NA NA NA NA NA NA NA NA NA NA NA NA
"Demina1989" 155.36 50.4767 307 NA NA NA NA NA 1.98867899286064 NA NA NA NA NA NA NA NA NA NA NA NA NA NA NA "AMK11A-1401" -690 164 0.046 46 55 0.61 0.43 0.055 0.007 0.025 0.006 0.43 0.34 0.168 0.214 0.03 2e-04 NA NA NA NA NA NA NA NA NA NA NA NA NA
"Demina1989" 155.36 50.4767 408 NA NA NA NA NA 1.73557439376929 NA NA NA NA NA NA NA NA NA NA NA NA NA NA NA "AMK11A-1401" -690 240 0.15 38 62 0.35 0.55 0.048 0.012 0.024 0.005 0.78 0.36 0.068 0.59 0.0306 5e-04 NA NA NA NA NA NA NA NA NA NA NA NA NA
"Demina1989" 155.36 50.4767 623 NA NA NA NA NA 2.13331019234142 NA NA NA NA NA NA NA NA NA NA NA NA NA NA NA "AMK11A-1401" -690 360 0.09 24 63 0.52 1.38 0.059 0.063 0.054 0.018 1.65 0.32 0.057 0.06 0.0365 3e-04 NA NA NA NA NA NA NA NA NA NA NA NA NA
"Demina1989" 155.1633 50.575 81 NA NA NA NA NA 0.686998197533677 NA NA NA NA NA NA NA NA NA NA NA NA NA NA NA "AMK11A-1418" -994 183 NA 7 NA 0.06 NA 0.019 NA 0.021 NA NA NA 0.171 NA 0.0084 NA NA NA NA NA NA NA NA NA NA NA NA NA NA
"Demina1989" 155.1633 50.575 200 NA NA NA NA NA 0.578524797923096 NA NA NA NA NA NA NA NA NA NA NA NA NA NA NA "AMK11A-1418" -994 86 NA 7.2 NA 2.65 NA 0.016 NA 0.018 NA NA NA 0.266 NA 0.0096 NA NA NA NA NA NA NA NA NA NA NA NA NA NA
"Demina1989" 155.1633 50.575 401 NA NA NA NA NA 0.72315599740387 NA NA NA NA NA NA NA NA NA NA NA NA NA NA NA "AMK11A-1418" -994 84 NA 1.6 NA 0.48 NA 0.02 NA 0.216 NA NA NA 0.247 NA 0.0095 NA NA NA NA NA NA NA NA NA NA NA NA NA NA
"Demina1989" 155.1633 50.575 700 NA NA NA NA NA 0.433893598442322 NA NA NA NA NA NA NA NA NA NA NA NA NA NA NA "AMK11A-1418" -994 49 NA 14 NA 1.14 NA 0.012 NA 0.096 NA NA NA 0.246 NA 0.0096 NA NA NA NA NA NA NA NA NA NA NA NA NA NA
"Demina1989" 155.1633 50.575 761 NA NA NA NA NA 0.867787196884644 NA NA NA NA NA NA NA NA NA NA NA NA NA NA NA "AMK11A-1418" -994 119 NA 49 NA 1.58 NA 0.024 NA 0.096 NA NA NA 0.241 NA 0.012 NA NA NA NA NA NA NA NA NA NA NA NA NA NA
"Demina1989" 155.1633 50.575 790 NA NA NA NA NA 0.72315599740387 NA NA NA NA NA NA NA NA NA NA NA NA NA NA NA "AMK11A-1418" -994 74 NA 13 NA 0.08 NA 0.02 NA 0.08 NA NA NA 0.215 NA 0.0084 NA NA NA NA NA NA NA NA NA NA NA NA NA NA
"Demina1989" 155.1633 50.575 969 NA NA NA NA NA 1.26552299545677 NA NA NA NA NA NA NA NA NA NA NA NA NA NA NA "AMK11A-1418" -994 331 NA 26 NA 0.5 NA 0.035 NA 0.576 NA NA NA 0.288 NA 0.0108 NA NA NA NA NA NA NA NA NA NA NA NA NA NA
"Bonnand2013" -51.444 -40.5536666666667 30 "Argentine basin" NA NA NA NA NA NA NA NA NA NA NA NA NA NA NA NA NA NA NA NA NA NA NA NA NA NA NA NA NA NA NA NA NA NA NA NA NA NA 6.36 0.412 0.036 NA NA NA NA NA NA NA NA NA NA
"Bonnand2013" -51.444 -40.5536666666667 150 "Argentine basin" NA NA NA NA NA NA NA NA NA NA NA NA NA NA NA NA NA NA NA NA NA NA NA NA NA NA NA NA NA NA NA NA NA NA NA NA NA NA 6.24 0.664 0.036 NA NA NA NA NA NA NA NA NA NA
"Bonnand2013" -51.444 -40.5536666666667 700 "Argentine basin" NA NA NA NA NA NA NA NA NA NA NA NA NA NA NA NA NA NA NA NA NA NA NA NA NA NA NA NA NA NA NA NA NA NA NA NA NA NA 6.5 0.556 0.036 NA NA NA NA NA NA NA NA NA NA
"Bonnand2013" -51.444 -40.5536666666667 1500 "Argentine basin" NA NA NA NA NA NA NA NA NA NA NA NA NA NA NA NA NA NA NA NA NA NA NA NA NA NA NA NA NA NA NA NA NA NA NA NA NA NA 5.8 0.518 0.036 NA NA NA NA NA NA NA NA NA NA
"Bonnand2013" -51.444 -40.5536666666667 2289 "Argentine basin" NA NA NA NA NA NA NA NA NA NA NA NA NA NA NA NA NA NA NA NA NA NA NA NA NA NA NA NA NA NA NA NA NA NA NA NA NA NA 6.08 0.491 0.036 NA NA NA NA NA NA NA NA NA NA
"Bonnand2013" -1.34216666666667 50.7791666666667 1 "Southampton Water" NA NA NA NA NA NA NA NA NA NA NA NA NA NA NA NA NA NA NA NA NA NA NA NA NA NA NA NA NA NA NA NA NA NA NA NA NA NA 1.86 1.509 0.047 NA NA NA NA NA NA NA NA NA NA
"Bonnand2013" -1.34216666666667 50.7791666666667 3 "Southampton Water" NA NA NA NA NA NA NA NA NA NA NA NA NA NA NA NA NA NA NA NA NA NA NA NA NA NA NA NA NA NA NA NA NA NA NA NA NA NA 1.85 1.498 0.047 NA NA NA NA NA NA NA NA NA NA
"Bonnand2013" -1.34216666666667 50.7791666666667 5 "Southampton Water" NA NA NA NA NA NA NA NA NA NA NA NA NA NA NA NA NA NA NA NA NA NA NA NA NA NA NA NA NA NA NA NA NA NA NA NA NA NA 1.83 1.512 0.047 NA NA NA NA NA NA NA NA NA NA
"Bonnand2013" -1.34216666666667 50.7791666666667 11.5 "Southampton Water" NA NA NA NA NA NA NA NA NA NA NA NA NA NA NA NA NA NA NA NA NA NA NA NA NA NA NA NA NA NA NA NA NA NA NA NA NA NA 1.85 1.499 0.047 NA NA NA NA NA NA NA NA NA NA
"Janssen2021" -72.04 -50.99 125 "3" 0.97 NA 33.95 NA 3.71 "ACE Leg 1" NA NA 27.24 2.62 NA NA 25.9 NA NA NA NA NA NA NA NA NA NA NA NA NA NA NA NA NA NA NA NA NA NA NA NA NA NA NA NA 268 0.03 1.82 21.2 "AAIW" NA NA NA NA NA
"Janssen2021" -95.68 -54.83 100 "5" 0.99 NA 34.03 NA 3.58 "ACE Leg 1" NA NA 27.17 3.97 NA NA 24.3 NA NA NA NA NA NA NA NA NA NA NA NA NA NA NA NA NA NA NA NA NA NA NA NA NA NA NA NA 287 0.03 1.42 11.9 "AAIW" NA NA NA NA NA
"Janssen2021" -95.68 -54.83 150 "5" 0.96 NA 34.05 NA 3.59 "ACE Leg 1" NA NA 27.25 3.39 NA NA 25.6 NA NA NA NA NA NA NA NA NA NA NA NA NA NA NA NA NA NA NA NA NA NA NA NA NA NA NA NA 275 0.03 1.65 15.3 "AAIW" NA NA NA NA NA
"Janssen2021" -95.68 -54.83 300 "5" 0.99 NA 34.14 NA 3.64 "ACE Leg 1" NA NA 27.39 2.82 NA NA 34.2 NA NA NA NA NA NA NA NA NA NA NA NA NA NA NA NA NA NA NA NA NA NA NA NA NA NA NA NA 243 0.03 1.87 54 "AAIW" NA NA NA NA NA
"Janssen2021" -95.68 -54.83 500 "5" 1 NA 34.35 NA 3.73 "ACE Leg 1" NA NA 27.62 2.44 NA NA 34.3 NA NA NA NA NA NA NA NA NA NA NA NA NA NA NA NA NA NA NA NA NA NA NA NA NA NA NA NA 191 0.03 1.91 69.4 "UCDW" NA NA NA NA NA
"Janssen2021" -95.68 -54.83 1000 "5" 0.97 NA 34.68 NA 3.79 "ACE Leg 1" NA NA 27.92 2.31 NA NA 32.4 NA NA NA NA NA NA NA NA NA NA NA NA NA NA NA NA NA NA NA NA NA NA NA NA NA NA NA NA 167 0.02 2.09 76.6 "UCDW" NA NA NA NA NA
"Janssen2021" -118.13 -53.2 90 "6" 1.01 NA 33.98 NA 3.56 "ACE Leg 1" NA NA 27.14 3.85 NA NA 23.9 NA NA NA NA NA NA NA NA NA NA NA NA NA NA NA NA NA NA NA NA NA NA NA NA NA NA NA NA 296 0.03 1.66 9.46 "AAIW" NA NA NA NA NA
"Janssen2021" -118.13 -53.2 125 "6" 0.97 NA 34 NA 3.6 "ACE Leg 1" NA NA 27.23 3.23 NA NA 26.8 NA NA NA NA NA NA NA NA NA NA NA NA NA NA NA NA NA NA NA NA NA NA NA NA NA NA NA NA 283 0.03 1.77 16.6 "AAIW" NA NA NA NA NA
"Janssen2021" -118.13 -53.2 150 "6" 0.98 NA 33.98 NA 3.61 "ACE Leg 1" NA NA 27.26 2.69 NA NA 27.9 NA NA NA NA NA NA NA NA NA NA NA NA NA NA NA NA NA NA NA NA NA NA NA NA NA NA NA NA 294 0.02 1.79 18.7 "AAIW" NA NA NA NA NA
"Janssen2021" -118.13 -53.2 200 "6" 0.98 NA 33.98 NA 3.61 "ACE Leg 1" NA NA 27.33 1.96 NA NA 28.9 NA NA NA NA NA NA NA NA NA NA NA NA NA NA NA NA NA NA NA NA NA NA NA NA NA NA NA NA 296 0.03 1.83 22.3 "AAIW" NA NA NA NA NA
"Janssen2021" -118.13 -53.2 300 "6" 0.97 NA 34.1 NA 3.64 "ACE Leg 1" NA NA 27.44 2.05 NA NA 31.1 NA NA NA NA NA NA NA NA NA NA NA NA NA NA NA NA NA NA NA NA NA NA NA NA NA NA NA NA 256 0.02 2.01 33.5 "AAIW" NA NA NA NA NA
"Janssen2021" -118.13 -53.2 1000 "6" 0.95 NA 34.66 NA 3.78 "ACE Leg 1" NA NA 27.91 2.29 NA NA 32.9 NA NA NA NA NA NA NA NA NA NA NA NA NA NA NA NA NA NA NA NA NA NA NA NA NA NA NA NA 163 0.02 2.15 74.5 "UCDW" NA NA NA NA NA
"Janssen2021" -67.92 -59.6 70 "20" 0.98 NA 33.77 NA 3.63 "ACE Leg 2" NA NA 27.06 2.7 NA NA 25.2 NA NA NA NA NA NA NA NA NA NA NA NA NA NA NA NA NA NA NA NA NA NA NA NA NA NA NA NA 310.9 0.03 1.85 15.5 "PFZ-ASW" NA NA NA NA NA
"Janssen2021" 141.93 -46.97 1000 "SOTS" 1 NA 34.16 NA 3.19 "IN2018V02" NA NA 27.2 4.77 NA NA 29.3 NA NA NA NA NA NA NA NA NA NA NA NA NA NA NA NA NA NA NA NA NA NA NA NA NA NA NA NA 220 0.04 2.02 26.3 "AAIW" NA NA NA NA NA
"Janssen2021" 141.93 -46.97 1250 "SOTS" 0.97 NA 34.23 NA 3.21 "IN2018V02" NA NA 27.41 3.53 NA NA 32.6 NA NA NA NA NA NA NA NA NA NA NA NA NA NA NA NA NA NA NA NA NA NA NA NA NA NA NA NA 201 0.03 2.27 48.3 "AAIW" NA NA NA NA NA
"Janssen2021" 141.9 -47 1000 "PS1" 0.96 NA 34.35 NA 3.4 "IN2018V04" NA NA 27.34 4.8 NA NA 29.7 NA NA NA NA NA NA NA NA NA NA NA NA NA NA NA NA NA NA NA NA NA NA NA NA NA NA NA NA 207 0.03 2.06 29.2 "AAIW" NA NA NA NA NA
"Janssen2021" 141.9 -47 1500 "PS1" 0.87 NA 34.53 NA 3.8 "IN2018V04" NA NA 27.74 2.78 NA NA 34.1 NA NA NA NA NA NA NA NA NA NA NA NA NA NA NA NA NA NA NA NA NA NA NA NA NA NA NA NA 173 0.02 2.38 71 "UCDW" NA NA NA NA NA
"Janssen2021" 141.9 -47 2000 "PS1" 0.86 NA 34.68 NA 3.95 "IN2018V04" NA NA 27.92 2.25 NA NA 32.4 NA NA NA NA NA NA NA NA NA NA NA NA NA NA NA NA NA NA NA NA NA NA NA NA NA NA NA NA 175 0.03 2.28 82 "UCDW" NA NA NA NA NA
"Janssen2021" 141.9 -47 2500 "PS1" 0.84 NA 34.73 NA 3.94 "IN2018V04" NA NA 28.01 1.88 NA NA 32.1 NA NA NA NA NA NA NA NA NA NA NA NA NA NA NA NA NA NA NA NA NA NA NA NA NA NA NA NA 180 0.02 2.27 96.9 "UCDW" NA NA NA NA NA
"Janssen2021" 141.9 -47 3000 "PS1" 0.8 NA 34.73 NA 4.13 "IN2018V04" NA NA 28.06 1.52 NA NA 32 NA NA NA NA NA NA NA NA NA NA NA NA NA NA NA NA NA NA NA NA NA NA NA NA NA NA NA NA 189 0.02 2.25 106 "LCDW" NA NA NA NA NA
"Janssen2021" 141.9 -47 3500 "PS1" 0.83 NA 34.73 NA 4 "IN2018V04" NA NA 28.11 1.2 NA NA 31.8 NA NA NA NA NA NA NA NA NA NA NA NA NA NA NA NA NA NA NA NA NA NA NA NA NA NA NA NA 197 0.01 2.24 111 "LCDW" NA NA NA NA NA
"Janssen2021" 141.9 -47 4000 "PS1" 0.82 NA 34.72 NA 4.08 "IN2018V04" NA NA 28.15 0.92 NA NA 32 NA NA NA NA NA NA NA NA NA NA NA NA NA NA NA NA NA NA NA NA NA NA NA NA NA NA NA NA 203 0.02 2.24 116 "LCDW" NA NA NA NA NA
"Janssen2021" 153.5 -45.7 1000 "PS2" 0.91 NA 34.35 NA 3.42 "IN2018V04" NA NA 27.38 4.53 NA NA 30.7 NA NA NA NA NA NA NA NA NA NA NA NA NA NA NA NA NA NA NA NA NA NA NA NA NA NA NA NA 204 0.03 2.11 37.2 "AAIW" NA NA NA NA NA
"Janssen2021" 153.5 -45.7 1500 "PS2" 0.87 NA 34.52 NA 3.8 "IN2018V04" NA NA 27.74 2.82 NA NA 34.1 NA NA NA NA NA NA NA NA NA NA NA NA NA NA NA NA NA NA NA NA NA NA NA NA NA NA NA NA 172 0.03 2.38 75.9 "UCDW" NA NA NA NA NA
"Janssen2021" 153.5 -45.7 2000 "PS2" 0.89 NA 34.68 NA 3.68 "IN2018V04" NA NA 27.92 2.24 NA NA 32.4 NA NA NA NA NA NA NA NA NA NA NA NA NA NA NA NA NA NA NA NA NA NA NA NA NA NA NA NA 178 0.02 2.25 81 "UCDW" NA NA NA NA NA
"Janssen2021" 153.5 -45.7 2500 "PS2" 0.88 NA 34.74 NA 3.78 "IN2018V04" NA NA 28.03 1.78 NA NA 31.1 NA NA NA NA NA NA NA NA NA NA NA NA NA NA NA NA NA NA NA NA NA NA NA NA NA NA NA NA 191 0.02 2.17 89.9 "UCDW" NA NA NA NA NA
"Janssen2021" 153.5 -45.7 3000 "PS2" 0.87 NA 34.73 NA 3.91 "IN2018V04" NA NA 28.07 1.34 NA NA 31.4 NA NA NA NA NA NA NA NA NA NA NA NA NA NA NA NA NA NA NA NA NA NA NA NA NA NA NA NA 198 0.02 2.19 103 "LCDW" NA NA NA NA NA
"Janssen2021" 153.5 -45.7 3500 "PS2" 0.83 NA 34.72 NA 3.94 "IN2018V04" NA NA 28.15 0.94 NA NA 31.9 NA NA NA NA NA NA NA NA NA NA NA NA NA NA NA NA NA NA NA NA NA NA NA NA NA NA NA NA 203 0.02 2.23 113 "LCDW" NA NA NA NA NA
"Janssen2021" 153.5 -45.7 4000 "PS2" 0.87 NA 34.71 NA 4.05 "IN2018V04" NA NA 28.18 0.74 NA NA 32.1 NA NA NA NA NA NA NA NA NA NA NA NA NA NA NA NA NA NA NA NA NA NA NA NA NA NA NA NA 206 0.02 2.25 118 "LCDW" NA NA NA NA NA
"Janssen2021" 153.5 -45.7 4500 "PS2" 0.84 NA 34.71 NA 4.08 "IN2018V04" NA NA 28.19 0.64 NA NA 32.1 NA NA NA NA NA NA NA NA NA NA NA NA NA NA NA NA NA NA NA NA NA NA NA NA NA NA NA NA 211 0.02 2.25 120 "LCDW" NA NA NA NA NA
"Janssen2021" 153.9 -40.4 1000 "PS3" 0.88 NA 34.44 NA 3.31 "IN2018V04" NA NA 27.37 5.08 NA NA 29.7 NA NA NA NA NA NA NA NA NA NA NA NA NA NA NA NA NA NA NA NA NA NA NA NA NA NA NA NA 187 0.02 2.05 34.2 "AAIW" NA NA NA NA NA
"Janssen2021" 153.9 -40.4 1250 "PS3" 0.82 NA 34.488 NA 3.96 "IN2018V04" NA NA 27.57 3.9 NA NA 33 NA NA NA NA NA NA NA NA NA NA NA NA NA NA NA NA NA NA NA NA NA NA NA NA NA NA NA NA 171 0.02 2.32 61.2 "UCDW" NA NA NA NA NA
"Janssen2021" 153.5 -40.3 3349 "PS3-MC1" 0.76 NA 34.72 NA 4.81 "IN2018V04" NA NA 28.11 1.15 NA NA NA NA NA NA NA NA NA NA NA NA NA NA NA NA NA NA NA NA NA NA NA NA NA NA NA NA NA NA NA 197 0.03 NA NA "LCDW" NA NA NA NA NA
"Janssen2021" 154.55 -34.67 750 "TS8" 0.96 NA 34.44 NA 3.51 "IN2018V04" NA NA 27.26 5.93 NA NA 28.1 NA NA NA NA NA NA NA NA NA NA NA NA NA NA NA NA NA NA NA NA NA NA NA NA NA NA NA NA 196 0.02 1.94 28.2 "AAIW" NA NA NA NA NA
"Janssen2021" 154.55 -34.67 1000 "TS8" 0.92 NA 34.46 NA 3.75 "IN2018V04" NA NA 27.46 4.49 NA NA 31.7 NA NA NA NA NA NA NA NA NA NA NA NA NA NA NA NA NA NA NA NA NA NA NA NA NA NA NA NA 180 0.02 2.22 50.8 "AAIW" NA NA NA NA NA
"Janssen2021" 154.55 -34.67 1500 "TS8" 0.88 NA 34.6 NA 4.12 "IN2018V04" NA NA 27.8 2.73 NA NA 34.4 NA NA NA NA NA NA NA NA NA NA NA NA NA NA NA NA NA NA NA NA NA NA NA NA NA NA NA NA 157 0.02 2.42 88.5 "UCDW" NA NA NA NA NA
"Janssen2021" 154.55 -34.67 2000 "TS8" 0.82 NA 34.68 NA 4.12 "IN2018V04" NA NA 27.94 2.1 NA NA 32.9 NA NA NA NA NA NA NA NA NA NA NA NA NA NA NA NA NA NA NA NA NA NA NA NA NA NA NA NA 172 0.03 2.33 91.7 "UCDW" NA NA NA NA NA
"Janssen2021" 154.55 -34.67 3000 "TS8" 0.85 NA 34.72 NA 3.84 "IN2018V04" NA NA 28.1 1.21 NA NA 32 NA NA NA NA NA NA NA NA NA NA NA NA NA NA NA NA NA NA NA NA NA NA NA NA NA NA NA NA 194 0.02 2.26 108 "LCDW" NA NA NA NA NA
"Janssen2021" 154.55 -34.67 3750 "TS8" 0.85 NA 34.72 NA 3.88 "IN2018V04" NA NA 28.16 0.87 NA NA 32.3 NA NA NA NA NA NA NA NA NA NA NA NA NA NA NA NA NA NA NA NA NA NA NA NA NA NA NA NA 199 0.02 2.28 115 "LCDW" NA NA NA NA NA
"Janssen2021" 160 -30 1000 "8" 0.94 NA 34.47 NA 3.63 "GP13" NA NA 27.32 5.62 NA NA 28.8 NA NA NA NA NA NA NA NA NA NA NA NA NA NA NA NA NA NA NA NA NA NA NA NA NA NA NA NA 194 0.03 1.96 33.2 "AAIW" NA NA NA NA NA
"Janssen2021" 165 -30 1500 "13" 0.91 NA 34.56 NA 4.27 "GP13" NA NA 27.7 3.32 NA NA 34.1 NA NA NA NA NA NA NA NA NA NA NA NA NA NA NA NA NA NA NA NA NA NA NA NA NA NA NA NA 164 0.02 2.42 84 "UCDW" NA NA NA NA NA
"Janssen2021" 165 -30 3000 "13" 0.83 NA 34.68 NA 4.54 "GP13" NA NA 28 1.72 NA NA 35.1 NA NA NA NA NA NA NA NA NA NA NA NA NA NA NA NA NA NA NA NA NA NA NA NA NA NA NA NA 161 0.02 2.49 121 "LCDW" NA NA NA NA NA
"Janssen2021" 165 -30 3200 "13" 0.9 NA 34.69 NA 4.53 "GP13" NA NA 28.01 1.68 NA NA 34.9 NA NA NA NA NA NA NA NA NA NA NA NA NA NA NA NA NA NA NA NA NA NA NA NA NA NA NA NA 164 0.03 2.49 121 "LCDW" NA NA NA NA NA
"Janssen2021" 170 -30 1500 "18" 0.88 NA 34.55 NA 4.17 "GP13" NA NA 27.72 3.13 NA NA 34.1 NA NA NA NA NA NA NA NA NA NA NA NA NA NA NA NA NA NA NA NA NA NA NA NA NA NA NA NA 168 0.03 2.4 85 "UCDW" NA NA NA NA NA
"Janssen2021" 170 -30 2900 "18" 0.79 NA 34.67 NA 4.57 "GP13" NA NA 27.99 1.68 NA NA 35.6 NA NA NA NA NA NA NA NA NA NA NA NA NA NA NA NA NA NA NA NA NA NA NA NA NA NA NA NA 160 0.03 2.54 127 "LCDW" NA NA NA NA NA
"Janssen2021" 185 -32.5 1500 "33" 0.86 NA 34.52 NA 4.14 "GP13" NA NA 27.72 2.89 NA NA NA NA NA NA NA NA NA NA NA NA NA NA NA NA NA NA NA NA NA NA NA NA NA NA NA NA NA NA NA 168 0.02 NA NA "UCDW" NA NA NA NA NA
"Janssen2021" 185 -32.5 2500 "33" 0.78 NA 34.65 NA 4.69 "GP13" NA NA 28.02 1.84 NA NA 36.2 NA NA NA NA NA NA NA NA NA NA NA NA NA NA NA NA NA NA NA NA NA NA NA NA NA NA NA NA 151 0.02 2.57 126 "UCDW" NA NA NA NA NA
"Janssen2021" 185 -32.5 3000 "33" 0.84 NA 34.68 NA 4.58 "GP13" NA NA 28.02 1.55 NA NA 35.4 NA NA NA NA NA NA NA NA NA NA NA NA NA NA NA NA NA NA NA NA NA NA NA NA NA NA NA NA 162 0.02 2.51 129 "LCDW" NA NA NA NA NA
"Janssen2021" 185 -32.5 4000 "33" 0.88 NA 34.72 NA 4.13 "GP13" NA NA 28.16 0.88 NA NA 32.2 NA NA NA NA NA NA NA NA NA NA NA NA NA NA NA NA NA NA NA NA NA NA NA NA NA NA NA NA 209 0.03 2.23 117 "LCDW" NA NA NA NA NA
"Janssen2021" 185 -32.5 5000 "33" 0.91 NA 34.71 NA 4.11 "GP13" NA NA 28.2 0.62 NA NA 32.3 NA NA NA NA NA NA NA NA NA NA NA NA NA NA NA NA NA NA NA NA NA NA NA NA NA NA NA NA 216 0.03 2.25 124 "LCDW" NA NA NA NA NA
"Janssen2021" 185 -32.5 5400 "33" 0.91 NA 34.71 NA 4.1 "GP13" NA NA 28.2 0.61 NA NA 32.3 NA NA NA NA NA NA NA NA NA NA NA NA NA NA NA NA NA NA NA NA NA NA NA NA NA NA NA NA 217 0.03 2.26 125 "LCDW" NA NA NA NA NA
"Janssen2021" -77.06 -14 1500 "78" 0.81 NA 34.6 NA 5.09 "M77/4" NA NA 27.78 2.86 NA NA NA NA NA NA NA NA NA NA NA NA NA NA NA NA NA NA NA NA NA NA NA NA NA NA NA NA NA NA NA 83.7 0.04 NA NA "PDW" NA NA NA NA NA
"Janssen2021" -77.06 -14 2000 "78" 0.72 NA 34.64 NA 5.26 "M77/4" NA NA 27.9 2.15 NA NA NA NA NA NA NA NA NA NA NA NA NA NA NA NA NA NA NA NA NA NA NA NA NA NA NA NA NA NA NA 104 0.04 NA NA "PDW" NA NA NA NA NA
"Janssen2021" -77.06 -14 2500 "78" 0.74 NA 34.67 NA 5.47 "M77/4" NA NA 27.98 1.71 NA NA NA NA NA NA NA NA NA NA NA NA NA NA NA NA NA NA NA NA NA NA NA NA NA NA NA NA NA NA NA 132 0.03 NA NA "LCDW" NA NA NA NA NA
"Janssen2021" -77.06 -14 3000 "78" 0.69 NA 34.68 NA 5.57 "M77/4" NA NA 28.02 1.55 NA NA NA NA NA NA NA NA NA NA NA NA NA NA NA NA NA NA NA NA NA NA NA NA NA NA NA NA NA NA NA 131 0.03 NA NA "LCDW" NA NA NA NA NA
"Janssen2021" -145 50 2500 "P26" 0.86 NA 34.63 NA 4.46 "Line P 2012-13" NA NA 27.99 1.52 NA NA 40.6 NA NA NA NA NA NA NA NA NA NA NA NA NA NA NA NA NA NA NA NA NA NA NA NA NA NA NA NA 81.8 0.03 2.71 169 "PDW" NA NA NA NA NA
"Janssen2021" -145 50 3000 "P26" 0.87 NA 34.66 NA 4.5 "Line P 2012-13" NA NA 28.04 1.35 NA NA 39 NA NA NA NA NA NA NA NA NA NA NA NA NA NA NA NA NA NA NA NA NA NA NA NA NA NA NA NA 107 0.04 2.59 167 "LCDW" NA NA NA NA NA
"Janssen2021" -145 50 3500 "P26" 0.84 NA 34.67 NA 4.52 "Line P 2012-13" NA NA 28.07 1.23 NA NA 38.2 NA NA NA NA NA NA NA NA NA NA NA NA NA NA NA NA NA NA NA NA NA NA NA NA NA NA NA NA 124 0.03 2.51 166 "LCDW" NA NA NA NA NA
"Janssen2021" -145 50 4000 "P26" 0.83 NA 34.68 NA 4.54 "Line P 2012-13" NA NA 28.08 1.18 NA NA 37.5 NA NA NA NA NA NA NA NA NA NA NA NA NA NA NA NA NA NA NA NA NA NA NA NA NA NA NA NA 133 0.05 2.5 166 "LCDW" NA NA NA NA NA
"Janssen2021" -35.43 -41.9 400 "62" 0.96 NA 34.2 NA 2.92 "DY110" NA NA 27.21 4.87 NA NA NA NA NA NA NA NA NA NA NA NA NA NA NA NA NA NA NA NA NA NA NA NA NA NA NA NA NA NA NA 250 0.03 NA NA "AAIW" NA NA NA NA NA
"Janssen2021" -35.43 -41.9 600 "62" 0.89 NA 34.18 NA 2.92 "DY110" NA NA 27.33 3.76 NA NA NA NA NA NA NA NA NA NA NA NA NA NA NA NA NA NA NA NA NA NA NA NA NA NA NA NA NA NA NA 243 0.03 NA NA "AAIW" NA NA NA NA NA
"Janssen2021" -31.04 -40.36 400 "60" 0.92 NA 34.22 NA 3.09 "DY110" NA NA 27.17 5.27 NA NA NA NA NA NA NA NA NA NA NA NA NA NA NA NA NA NA NA NA NA NA NA NA NA NA NA NA NA NA NA 246 0.03 NA NA "AAIW" NA NA NA NA NA
"Janssen2021" -31.04 -40.36 600 "60" 1.01 NA 34.17 NA 3.22 "DY110" NA NA 27.28 4.06 NA NA NA NA NA NA NA NA NA NA NA NA NA NA NA NA NA NA NA NA NA NA NA NA NA NA NA NA NA NA NA 251 0.02 NA NA "AAIW" NA NA NA NA NA
"Janssen2021" -25.01 -10.67 700 "45" 0.97 NA 34.42 NA 3.17 "DY110" NA NA 27.41 4.64 NA NA NA NA NA NA NA NA NA NA NA NA NA NA NA NA NA NA NA NA NA NA NA NA NA NA NA NA NA NA NA 171 0.03 NA NA "AAIW" NA NA NA NA NA
"Janssen2021" -24.98 -8.41 800 "40" 0.95 NA 34.47 NA 3.25 "DY110" NA NA 27.45 4.64 NA NA NA NA NA NA NA NA NA NA NA NA NA NA NA NA NA NA NA NA NA NA NA NA NA NA NA NA NA NA NA 149 0.03 NA NA "AAIW" NA NA NA NA NA
"Janssen2021" -25.01 1.68 800 "33" 1.07 NA 34.55 NA 2.9 "DY110" NA NA 27.49 4.83 NA NA NA NA NA NA NA NA NA NA NA NA NA NA NA NA NA NA NA NA NA NA NA NA NA NA NA NA NA NA NA 144 0.04 NA NA "AAIW" NA NA NA NA NA
"Rickli2019" 141.931 -46.906 15 NA 1.02023 NA NA NA 3.27958 NA NA NA NA NA NA NA NA NA NA NA NA NA NA NA NA NA NA NA NA NA NA NA NA NA NA NA NA NA NA NA NA NA NA NA NA NA NA NA NA NA 2017-01-17 07:23:53 7 613 "AT/ACE/1/15/017/613/ME/Chromium_15m" 0.01792
"Rickli2019" 141.931 -46.906 40 NA 1.03613 NA NA NA 3.27481 NA NA NA NA NA NA NA NA NA NA NA NA NA NA NA NA NA NA NA NA NA NA NA NA NA NA NA NA NA NA NA NA NA NA NA NA NA NA NA NA NA 2017-01-17 07:23:53 7 613 "AT/ACE/1/15/017/613/ME/Chromium_40m" 0.02047
"Rickli2019" 141.931 -46.906 60 NA 1.04769 NA NA NA 3.26909 NA NA NA NA NA NA NA NA NA NA NA NA NA NA NA NA NA NA NA NA NA NA NA NA NA NA NA NA NA NA NA NA NA NA NA NA NA NA NA NA NA 2017-01-17 07:23:53 7 613 "AT/ACE/1/15/017/613/ME/Chromium_60m" 0.02027
"Rickli2019" 141.931 -46.906 150 NA 1.06464 NA NA NA 3.26816 NA NA NA NA NA NA NA NA NA NA NA NA NA NA NA NA NA NA NA NA NA NA NA NA NA NA NA NA NA NA NA NA NA NA NA NA NA NA NA NA NA 2017-01-17 07:23:53 7 613 "AT/ACE/1/15/017/613/ME/Chromium_150m" 0.01586
"Rickli2019" 141.931 -46.906 250 NA 1.04937 NA NA NA 3.27141 NA NA NA NA NA NA NA NA NA NA NA NA NA NA NA NA NA NA NA NA NA NA NA NA NA NA NA NA NA NA NA NA NA NA NA NA NA NA NA NA NA 2017-01-17 07:23:53 7 613 "AT/ACE/1/15/017/613/ME/Chromium_250m" 0.02221
"Rickli2019" 141.931 -46.906 500 NA 1.03328 NA NA NA 3.3109 NA NA NA NA NA NA NA NA NA NA NA NA NA NA NA NA NA NA NA NA NA NA NA NA NA NA NA NA NA NA NA NA NA NA NA NA NA NA NA NA NA 2017-01-17 07:23:53 7 613 "AT/ACE/1/15/017/613/ME/Chromium_500m" 0.02341
"Rickli2019" 141.931 -46.906 750 NA 0.99234 NA NA NA 3.39084 NA NA NA NA NA NA NA NA NA NA NA NA NA NA NA NA NA NA NA NA NA NA NA NA NA NA NA NA NA NA NA NA NA NA NA NA NA NA NA NA NA 2017-01-17 07:23:53 7 613 "AT/ACE/1/15/017/613/ME/Chromium_750m" 0.02525
"Rickli2019" 141.931 -46.906 1000 NA 0.9849 NA NA NA 3.52153 NA NA NA NA NA NA NA NA NA NA NA NA NA NA NA NA NA NA NA NA NA NA NA NA NA NA NA NA NA NA NA NA NA NA NA NA NA NA NA NA NA 2017-01-17 07:23:53 7 613 "AT/ACE/1/15/017/613/ME/Chromium_1000m" 0.02447
"Rickli2019" 150.389 -46.393 15 NA 1.03654 NA NA NA 3.22389 NA NA NA NA NA NA NA NA NA NA NA NA NA NA NA NA NA NA NA NA NA NA NA NA NA NA NA NA NA NA NA NA NA NA NA NA NA NA NA NA NA 2017-01-23 08:47:00 8 915 "AT/ACE/2/15/023/915/ME/Chromium_15m" 0.02117
"Rickli2019" 150.389 -46.393 40 NA 1.04925 NA NA NA 3.23458 NA NA NA NA NA NA NA NA NA NA NA NA NA NA NA NA NA NA NA NA NA NA NA NA NA NA NA NA NA NA NA NA NA NA NA NA NA NA NA NA NA 2017-01-23 08:47:00 8 915 "AT/ACE/2/15/023/915/ME/Chromium_40m" 0.02511
"Rickli2019" 150.389 -46.393 60 NA 1.05273 NA NA NA 3.21947 NA NA NA NA NA NA NA NA NA NA NA NA NA NA NA NA NA NA NA NA NA NA NA NA NA NA NA NA NA NA NA NA NA NA NA NA NA NA NA NA NA 2017-01-23 08:47:00 8 915 "AT/ACE/2/15/023/915/ME/Chromium_60m" 0.02842
"Rickli2019" 150.389 -46.393 150 NA 1.05959 NA NA NA 3.2201 NA NA NA NA NA NA NA NA NA NA NA NA NA NA NA NA NA NA NA NA NA NA NA NA NA NA NA NA NA NA NA NA NA NA NA NA NA NA NA NA NA 2017-01-23 08:47:00 8 915 "AT/ACE/2/15/023/915/ME/Chromium_150m" 0.02406
"Rickli2019" 150.389 -46.393 250 NA 1.05013 NA NA NA 3.22233 NA NA NA NA NA NA NA NA NA NA NA NA NA NA NA NA NA NA NA NA NA NA NA NA NA NA NA NA NA NA NA NA NA NA NA NA NA NA NA NA NA 2017-01-23 08:47:00 8 915 "AT/ACE/2/15/023/915/ME/Chromium_250m" 0.02028
"Rickli2019" 150.389 -46.393 500 NA 1.01955 NA NA NA 3.29801 NA NA NA NA NA NA NA NA NA NA NA NA NA NA NA NA NA NA NA NA NA NA NA NA NA NA NA NA NA NA NA NA NA NA NA NA NA NA NA NA NA 2017-01-23 08:47:00 8 915 "AT/ACE/2/15/023/915/ME/Chromium_500m" 0.01993
"Rickli2019" 150.389 -46.393 750 NA 1.02112 NA NA NA 3.30334 NA NA NA NA NA NA NA NA NA NA NA NA NA NA NA NA NA NA NA NA NA NA NA NA NA NA NA NA NA NA NA NA NA NA NA NA NA NA NA NA NA 2017-01-23 08:47:00 8 915 "AT/ACE/2/15/023/915/ME/Chromium_750m" 0.02054
"Rickli2019" 149.298 -53.583 15 NA 0.99469 NA NA NA 3.4543 NA NA NA NA NA NA NA NA NA NA NA NA NA NA NA NA NA NA NA NA NA NA NA NA NA NA NA NA NA NA NA NA NA NA NA NA NA NA NA NA NA 2017-01-25 02:18:00 9 933 "AT/ACE/2/15/025/933/ME/Chromium_15m" 0.02724
"Rickli2019" 149.298 -53.583 30 NA 0.98252 NA NA NA 3.43992 NA NA NA NA NA NA NA NA NA NA NA NA NA NA NA NA NA NA NA NA NA NA NA NA NA NA NA NA NA NA NA NA NA NA NA NA NA NA NA NA NA 2017-01-25 02:18:00 9 933 "AT/ACE/2/15/025/933/ME/Chromium_30m" 0.02005
"Rickli2019" 149.298 -53.583 50 NA 0.96691 NA NA NA 3.44218 NA NA NA NA NA NA NA NA NA NA NA NA NA NA NA NA NA NA NA NA NA NA NA NA NA NA NA NA NA NA NA NA NA NA NA NA NA NA NA NA NA 2017-01-25 02:18:00 9 933 "AT/ACE/2/15/025/933/ME/Chromium_50m" 0.02228
"Rickli2019" 149.298 -53.583 80 NA 0.98726 NA NA NA 3.39887 NA NA NA NA NA NA NA NA NA NA NA NA NA NA NA NA NA NA NA NA NA NA NA NA NA NA NA NA NA NA NA NA NA NA NA NA NA NA NA NA NA 2017-01-25 02:18:00 9 933 "AT/ACE/2/15/025/933/ME/Chromium_80m" 0.02816
"Rickli2019" 149.298 -53.583 125 NA 1.00299 NA NA NA 3.37345 NA NA NA NA NA NA NA NA NA NA NA NA NA NA NA NA NA NA NA NA NA NA NA NA NA NA NA NA NA NA NA NA NA NA NA NA NA NA NA NA NA 2017-01-25 02:18:00 9 933 "AT/ACE/2/15/025/933/ME/Chromium_125m" 0.02377
"Rickli2019" 149.298 -53.583 200 NA 0.97422 NA NA NA 3.41468 NA NA NA NA NA NA NA NA NA NA NA NA NA NA NA NA NA NA NA NA NA NA NA NA NA NA NA NA NA NA NA NA NA NA NA NA NA NA NA NA NA 2017-01-25 02:18:00 9 933 "AT/ACE/2/15/025/933/ME/Chromium_200m" 0.01993
"Rickli2019" 149.298 -53.583 300 NA 0.98613 NA NA NA 3.46134 NA NA NA NA NA NA NA NA NA NA NA NA NA NA NA NA NA NA NA NA NA NA NA NA NA NA NA NA NA NA NA NA NA NA NA NA NA NA NA NA NA 2017-01-25 02:18:00 9 933 "AT/ACE/2/15/025/933/ME/Chromium_300m" 0.02176
"Rickli2019" 149.298 -53.583 500 NA 0.95858 NA NA NA 3.51683 NA NA NA NA NA NA NA NA NA NA NA NA NA NA NA NA NA NA NA NA NA NA NA NA NA NA NA NA NA NA NA NA NA NA NA NA NA NA NA NA NA 2017-01-25 02:18:00 9 933 "AT/ACE/2/15/025/933/ME/Chromium_500m" 0.02013
"Rickli2019" 149.298 -53.583 750 NA 0.92613 NA NA NA 3.64055 NA NA NA NA NA NA NA NA NA NA NA NA NA NA NA NA NA NA NA NA NA NA NA NA NA NA NA NA NA NA NA NA NA NA NA NA NA NA NA NA NA 2017-01-25 02:18:00 9 933 "AT/ACE/2/15/025/933/ME/Chromium_750m" 0.01785
"Rickli2019" 149.298 -53.583 1000 NA 0.90388 NA NA NA 3.75809 NA NA NA NA NA NA NA NA NA NA NA NA NA NA NA NA NA NA NA NA NA NA NA NA NA NA NA NA NA NA NA NA NA NA NA NA NA NA NA NA NA 2017-01-25 02:18:00 9 933 "AT/ACE/2/15/025/933/ME/Chromium_1000m" 0.02158
"Rickli2019" 148.64 -59.611 15 NA 0.92833 NA NA NA 3.7147 NA NA NA NA NA NA NA NA NA NA NA NA NA NA NA NA NA NA NA NA NA NA NA NA NA NA NA NA NA NA NA NA NA NA NA NA NA NA NA NA NA 2017-01-26 10:57:17 10 962 "AT/ACE/2/15/026/962/ME/Chromium_15m" 0.02898
"Rickli2019" 148.64 -59.611 30 NA 0.89613 NA NA NA 3.73157 NA NA NA NA NA NA NA NA NA NA NA NA NA NA NA NA NA NA NA NA NA NA NA NA NA NA NA NA NA NA NA NA NA NA NA NA NA NA NA NA NA 2017-01-26 10:57:17 10 962 "AT/ACE/2/15/026/962/ME/Chromium_30m" 0.01743
"Rickli2019" 148.64 -59.611 50 NA 0.93095 NA NA NA 3.73432 NA NA NA NA NA NA NA NA NA NA NA NA NA NA NA NA NA NA NA NA NA NA NA NA NA NA NA NA NA NA NA NA NA NA NA NA NA NA NA NA NA 2017-01-26 10:57:17 10 962 "AT/ACE/2/15/026/962/ME/Chromium_50m" 0.02648
"Rickli2019" 148.64 -59.611 80 NA 0.91215 NA NA NA 3.73877 NA NA NA NA NA NA NA NA NA NA NA NA NA NA NA NA NA NA NA NA NA NA NA NA NA NA NA NA NA NA NA NA NA NA NA NA NA NA NA NA NA 2017-01-26 10:57:17 10 962 "AT/ACE/2/15/026/962/ME/Chromium_80m" 0.02212
"Rickli2019" 148.64 -59.611 100 NA 0.93345 NA NA NA 3.74458 NA NA NA NA NA NA NA NA NA NA NA NA NA NA NA NA NA NA NA NA NA NA NA NA NA NA NA NA NA NA NA NA NA NA NA NA NA NA NA NA NA 2017-01-26 10:57:17 10 962 "AT/ACE/2/15/026/962/ME/Chromium_100m" 0.02802
"Rickli2019" 148.64 -59.611 125 NA 0.92234 NA NA NA 3.75284 NA NA NA NA NA NA NA NA NA NA NA NA NA NA NA NA NA NA NA NA NA NA NA NA NA NA NA NA NA NA NA NA NA NA NA NA NA NA NA NA NA 2017-01-26 10:57:17 10 962 "AT/ACE/2/15/026/962/ME/Chromium_125m" 0.02305
"Rickli2019" 148.64 -59.611 150 NA 0.91581 NA NA NA 3.76369 NA NA NA NA NA NA NA NA NA NA NA NA NA NA NA NA NA NA NA NA NA NA NA NA NA NA NA NA NA NA NA NA NA NA NA NA NA NA NA NA NA 2017-01-26 10:57:17 10 962 "AT/ACE/2/15/026/962/ME/Chromium_150m" 0.02159
"Rickli2019" 148.64 -59.611 200 NA 0.90376 NA NA NA 3.80138 NA NA NA NA NA NA NA NA NA NA NA NA NA NA NA NA NA NA NA NA NA NA NA NA NA NA NA NA NA NA NA NA NA NA NA NA NA NA NA NA NA 2017-01-26 10:57:17 10 962 "AT/ACE/2/15/026/962/ME/Chromium_200m" 0.0245
"Rickli2019" 148.64 -59.611 250 NA 0.93182 NA NA NA 3.81353 NA NA NA NA NA NA NA NA NA NA NA NA NA NA NA NA NA NA NA NA NA NA NA NA NA NA NA NA NA NA NA NA NA NA NA NA NA NA NA NA NA 2017-01-26 10:57:17 10 962 "AT/ACE/2/15/026/962/ME/Chromium_250m" 0.02163
"Rickli2019" 148.64 -59.611 500 NA 0.90411 NA NA NA 3.85867 NA NA NA NA NA NA NA NA NA NA NA NA NA NA NA NA NA NA NA NA NA NA NA NA NA NA NA NA NA NA NA NA NA NA NA NA NA NA NA NA NA 2017-01-26 10:57:17 10 962 "AT/ACE/2/15/026/962/ME/Chromium_500m" 0.02315
"Rickli2019" 148.64 -59.611 750 NA 0.91449 NA NA NA 3.82795 NA NA NA NA NA NA NA NA NA NA NA NA NA NA NA NA NA NA NA NA NA NA NA NA NA NA NA NA NA NA NA NA NA NA NA NA NA NA NA NA NA 2017-01-26 10:57:17 10 962 "AT/ACE/2/15/026/962/ME/Chromium_750m" 0.02265
"Rickli2019" 148.64 -59.611 1000 NA 0.90752 NA NA NA 3.87457 NA NA NA NA NA NA NA NA NA NA NA NA NA NA NA NA NA NA NA NA NA NA NA NA NA NA NA NA NA NA NA NA NA NA NA NA NA NA NA NA NA 2017-01-26 10:57:17 10 962 "AT/ACE/2/15/026/962/ME/Chromium_1000m" 0.02575
"Rickli2019" 145.721 -67.189 15 NA 0.893 NA NA NA 3.68179 NA NA NA NA NA NA NA NA NA NA NA NA NA NA NA NA NA NA NA NA NA NA NA NA NA NA NA NA NA NA NA NA NA NA NA NA NA NA NA NA NA 2017-01-30 22:33:52 12 1097 "AT/ACE/2/15/030/1097/ME/Chromium_15m" 0.01984
"Rickli2019" 145.721 -67.189 25 NA 0.913 NA NA NA 3.66261 NA NA NA NA NA NA NA NA NA NA NA NA NA NA NA NA NA NA NA NA NA NA NA NA NA NA NA NA NA NA NA NA NA NA NA NA NA NA NA NA NA 2017-01-30 22:33:52 12 1097 "AT/ACE/2/15/030/1097/ME/Chromium_25m" 0.02603
"Rickli2019" 145.721 -67.189 50 NA 0.903 NA NA NA 3.77548 NA NA NA NA NA NA NA NA NA NA NA NA NA NA NA NA NA NA NA NA NA NA NA NA NA NA NA NA NA NA NA NA NA NA NA NA NA NA NA NA NA 2017-01-30 22:33:52 12 1097 "AT/ACE/2/15/030/1097/ME/Chromium_50m" 0.02918
"Rickli2019" 145.721 -67.189 80 NA 0.893 NA NA NA 3.82127 NA NA NA NA NA NA NA NA NA NA NA NA NA NA NA NA NA NA NA NA NA NA NA NA NA NA NA NA NA NA NA NA NA NA NA NA NA NA NA NA NA 2017-01-30 22:33:52 12 1097 "AT/ACE/2/15/030/1097/ME/Chromium_80m" 0.01918
"Rickli2019" 145.721 -67.189 150 NA 0.893 NA NA NA 3.83378 NA NA NA NA NA NA NA NA NA NA NA NA NA NA NA NA NA NA NA NA NA NA NA NA NA NA NA NA NA NA NA NA NA NA NA NA NA NA NA NA NA 2017-01-30 22:33:52 12 1097 "AT/ACE/2/15/030/1097/ME/Chromium_150m" 0.02411
"Rickli2019" 145.721 -67.189 250 NA 0.923 NA NA NA 3.8303 NA NA NA NA NA NA NA NA NA NA NA NA NA NA NA NA NA NA NA NA NA NA NA NA NA NA NA NA NA NA NA NA NA NA NA NA NA NA NA NA NA 2017-01-30 22:33:52 12 1097 "AT/ACE/2/15/030/1097/ME/Chromium_250m" 0.01845
"Rickli2019" 145.721 -67.189 500 NA 0.903 NA NA NA 3.8619 NA NA NA NA NA NA NA NA NA NA NA NA NA NA NA NA NA NA NA NA NA NA NA NA NA NA NA NA NA NA NA NA NA NA NA NA NA NA NA NA NA 2017-01-30 22:33:52 12 1097 "AT/ACE/2/15/030/1097/ME/Chromium_500m" 0.01884
"Rickli2019" 163.536 -67.29 15 NA 0.92837 NA NA NA 3.78367 NA NA NA NA NA NA NA NA NA NA NA NA NA NA NA NA NA NA NA NA NA NA NA NA NA NA NA NA NA NA NA NA NA NA NA NA NA NA NA NA NA 2017-02-04 12:45:23 14 1250 "AT/ACE/2/15/035/1250/ME/Chromium_15m" 0.02141
"Rickli2019" 163.536 -67.29 40 NA 0.91704 NA NA NA 3.797 NA NA NA NA NA NA NA NA NA NA NA NA NA NA NA NA NA NA NA NA NA NA NA NA NA NA NA NA NA NA NA NA NA NA NA NA NA NA NA NA NA 2017-02-04 12:45:23 14 1250 "AT/ACE/2/15/035/1250/ME/Chromium_40m" 0.02217
"Rickli2019" 163.536 -67.29 100 NA 0.91889 NA NA NA 3.82488 NA NA NA NA NA NA NA NA NA NA NA NA NA NA NA NA NA NA NA NA NA NA NA NA NA NA NA NA NA NA NA NA NA NA NA NA NA NA NA NA NA 2017-02-04 12:45:23 14 1250 "AT/ACE/2/15/035/1250/ME/Chromium_100m" 0.02706
"Rickli2019" 163.536 -67.29 150 NA 0.91774 NA NA NA 3.8217 NA NA NA NA NA NA NA NA NA NA NA NA NA NA NA NA NA NA NA NA NA NA NA NA NA NA NA NA NA NA NA NA NA NA NA NA NA NA NA NA NA 2017-02-04 12:45:23 14 1250 "AT/ACE/2/15/035/1250/ME/Chromium_150m" 0.02648
"Rickli2019" 163.536 -67.29 250 NA 0.89553 NA NA NA 3.87096 NA NA NA NA NA NA NA NA NA NA NA NA NA NA NA NA NA NA NA NA NA NA NA NA NA NA NA NA NA NA NA NA NA NA NA NA NA NA NA NA NA 2017-02-04 12:45:23 14 1250 "AT/ACE/2/15/035/1250/ME/Chromium_250m" 0.02684
"Rickli2019" 163.536 -67.29 500 NA 0.89779 NA NA NA 3.91672 NA NA NA NA NA NA NA NA NA NA NA NA NA NA NA NA NA NA NA NA NA NA NA NA NA NA NA NA NA NA NA NA NA NA NA NA NA NA NA NA NA 2017-02-04 12:45:23 14 1250 "AT/ACE/2/15/035/1250/ME/Chromium_500m" 0.03
"Rickli2019" 167.36 -67.1 15 NA 0.91034 NA NA NA 3.79932 NA NA NA NA NA NA NA NA NA NA NA NA NA NA NA NA NA NA NA NA NA NA NA NA NA NA NA NA NA NA NA NA NA NA NA NA NA NA NA NA NA 2017-02-05 04:51:52 15 1283 "AT/ACE/2/15/036/1283/ME/Chromium_15m" 0.0209
"Rickli2019" 167.36 -67.1 50 NA 0.92268 NA NA NA 3.80432 NA NA NA NA NA NA NA NA NA NA NA NA NA NA NA NA NA NA NA NA NA NA NA NA NA NA NA NA NA NA NA NA NA NA NA NA NA NA NA NA NA 2017-02-05 04:51:52 15 1283 "AT/ACE/2/15/036/1283/ME/Chromium_50m" 0.02499
"Rickli2019" 167.36 -67.1 100 NA 0.92261 NA NA NA 3.85241 NA NA NA NA NA NA NA NA NA NA NA NA NA NA NA NA NA NA NA NA NA NA NA NA NA NA NA NA NA NA NA NA NA NA NA NA NA NA NA NA NA 2017-02-05 04:51:52 15 1283 "AT/ACE/2/15/036/1283/ME/Chromium_100m" 0.01982
"Rickli2019" 167.36 -67.1 150 NA 0.89577 NA NA NA 3.88096 NA NA NA NA NA NA NA NA NA NA NA NA NA NA NA NA NA NA NA NA NA NA NA NA NA NA NA NA NA NA NA NA NA NA NA NA NA NA NA NA NA 2017-02-05 04:51:52 15 1283 "AT/ACE/2/15/036/1283/ME/Chromium_150m" 0.02529
"Rickli2019" 167.36 -67.1 500 NA 0.89198 NA NA NA 3.95325 NA NA NA NA NA NA NA NA NA NA NA NA NA NA NA NA NA NA NA NA NA NA NA NA NA NA NA NA NA NA NA NA NA NA NA NA NA NA NA NA NA 2017-02-05 04:51:52 15 1283 "AT/ACE/2/15/036/1283/ME/Chromium_500m" 0.02943
"Rickli2019" -66.242 -63.963 15 NA 0.88945 NA NA NA 3.73979 NA NA NA NA NA NA NA NA NA NA NA NA NA NA NA NA NA NA NA NA NA NA NA NA NA NA NA NA NA NA NA NA NA NA NA NA NA NA NA NA NA 2017-02-18 02:15:10 18 1880 "AT/ACE/2/15/049/1880/ME/Chromium_15m" 0.02445
"Rickli2019" -66.242 -63.963 50 NA 0.89245 NA NA NA 3.77202 NA NA NA NA NA NA NA NA NA NA NA NA NA NA NA NA NA NA NA NA NA NA NA NA NA NA NA NA NA NA NA NA NA NA NA NA NA NA NA NA NA 2017-02-18 02:15:10 18 1880 "AT/ACE/2/15/049/1880/ME/Chromium_50m" 0.02328
"Rickli2019" -66.242 -63.963 100 NA 0.88339 NA NA NA 3.80084 NA NA NA NA NA NA NA NA NA NA NA NA NA NA NA NA NA NA NA NA NA NA NA NA NA NA NA NA NA NA NA NA NA NA NA NA NA NA NA NA NA 2017-02-18 02:15:10 18 1880 "AT/ACE/2/15/049/1880/ME/Chromium_100m" 0.0155
"Rickli2019" -66.242 -63.963 180 NA 0.87032 NA NA NA 3.86396 NA NA NA NA NA NA NA NA NA NA NA NA NA NA NA NA NA NA NA NA NA NA NA NA NA NA NA NA NA NA NA NA NA NA NA NA NA NA NA NA NA 2017-02-18 02:15:10 18 1880 "AT/ACE/2/15/049/1880/ME/Chromium_180m" 0.0185
"Rickli2019" -66.242 -63.963 300 NA 0.91359 NA NA NA 3.87997 NA NA NA NA NA NA NA NA NA NA NA NA NA NA NA NA NA NA NA NA NA NA NA NA NA NA NA NA NA NA NA NA NA NA NA NA NA NA NA NA NA 2017-02-18 02:15:10 18 1880 "AT/ACE/2/15/049/1880/ME/Chromium_300m" 0.02024
"Rickli2019" -67.919 -59.6 15 NA 0.93364 NA NA NA 3.64873 NA NA NA NA NA NA NA NA NA NA NA NA NA NA NA NA NA NA NA NA NA NA NA NA NA NA NA NA NA NA NA NA NA NA NA NA NA NA NA NA NA 2017-02-19 03:05:55 20 1903 "AT/ACE/2/15/050/1903/ME/Chromium_15m" 0.01894
"Rickli2019" -67.919 -59.6 60 NA 0.9351 NA NA NA 3.67848 NA NA NA NA NA NA NA NA NA NA NA NA NA NA NA NA NA NA NA NA NA NA NA NA NA NA NA NA NA NA NA NA NA NA NA NA NA NA NA NA NA 2017-02-19 03:05:55 20 1903 "AT/ACE/2/15/050/1903/ME/Chromium_60m" 0.0197
"Rickli2019" -67.919 -59.6 125 NA 0.93194 NA NA NA 3.6095 NA NA NA NA NA NA NA NA NA NA NA NA NA NA NA NA NA NA NA NA NA NA NA NA NA NA NA NA NA NA NA NA NA NA NA NA NA NA NA NA NA 2017-02-19 03:05:55 20 1903 "AT/ACE/2/15/050/1903/ME/Chromium_125m" 0.02159
"Rickli2019" -67.919 -59.6 250 NA 0.92532 NA NA NA 3.66298 NA NA NA NA NA NA NA NA NA NA NA NA NA NA NA NA NA NA NA NA NA NA NA NA NA NA NA NA NA NA NA NA NA NA NA NA NA NA NA NA NA 2017-02-19 03:05:55 20 1903 "AT/ACE/2/15/050/1903/ME/Chromium_250m" 0.02247
"Rickli2019" -67.919 -59.6 580 NA 0.90063 NA NA NA 3.80098 NA NA NA NA NA NA NA NA NA NA NA NA NA NA NA NA NA NA NA NA NA NA NA NA NA NA NA NA NA NA NA NA NA NA NA NA NA NA NA NA NA 2017-02-19 03:05:55 20 1903 "AT/ACE/2/15/050/1903/ME/Chromium_580m" 0.02006
"Rickli2019" -67.919 -59.6 1000 NA 0.88886 NA NA NA 3.87192 NA NA NA NA NA NA NA NA NA NA NA NA NA NA NA NA NA NA NA NA NA NA NA NA NA NA NA NA NA NA NA NA NA NA NA NA NA NA NA NA NA 2017-02-19 03:05:55 20 1903 "AT/ACE/2/15/050/1903/ME/Chromium_1000m" 0.02439
